release,mtime,level,num_files,num_folders
21.0.0,2021-02-28 09:20:49,1,,1
21.0.0,2021-02-28 09:20:49,2,,2
21.0.0,2021-02-28 09:20:49,3,,102
21.0.0,2021-02-28 09:20:49,4,1.0,102
21.0.0,2021-02-28 09:20:49,5,17.0,103
21.0.0,2021-02-28 09:20:49,6,,102
21.0.0,2021-02-28 09:20:49,7,21.0,103
21.0.0,2021-02-28 09:20:49,8,264.0,118
21.0.0,2021-02-28 09:20:49,9,921.0,186
21.0.0,2021-02-28 09:20:49,10,1861.0,244
21.0.0,2021-02-28 09:20:49,11,903.0,181
21.0.0,2021-02-28 09:20:49,12,112.0,25
21.0.0,2021-02-28 09:20:49,13,1.0,1
21.0.1,2021-03-18 11:45:14,1,,1
21.0.1,2021-03-18 11:45:14,2,,2
21.0.1,2021-03-18 11:45:14,3,,104
21.0.1,2021-03-18 11:45:14,4,1.0,104
21.0.1,2021-03-18 11:45:14,5,17.0,105
21.0.1,2021-03-18 11:45:14,6,,104
21.0.1,2021-03-18 11:45:14,7,21.0,105
21.0.1,2021-03-18 11:45:14,8,265.0,120
21.0.1,2021-03-18 11:45:14,9,927.0,188
21.0.1,2021-03-18 11:45:14,10,1874.0,247
21.0.1,2021-03-18 11:45:14,11,903.0,181
21.0.1,2021-03-18 11:45:14,12,112.0,25
21.0.1,2021-03-18 11:45:14,13,1.0,1
21.0.2,2021-04-04 22:40:16,1,,1
21.0.2,2021-04-04 22:40:16,2,,2
21.0.2,2021-04-04 22:40:16,3,,104
21.0.2,2021-04-04 22:40:16,4,1.0,104
21.0.2,2021-04-04 22:40:16,5,17.0,105
21.0.2,2021-04-04 22:40:16,6,,104
21.0.2,2021-04-04 22:40:16,7,21.0,105
21.0.2,2021-04-04 22:40:16,8,267.0,121
21.0.2,2021-04-04 22:40:16,9,928.0,188
21.0.2,2021-04-04 22:40:16,10,1882.0,247
21.0.2,2021-04-04 22:40:16,11,906.0,181
21.0.2,2021-04-04 22:40:16,12,112.0,25
21.0.2,2021-04-04 22:40:16,13,1.0,1
21.0.3,2021-04-17 17:22:14,1,,1
21.0.3,2021-04-17 17:22:14,2,,2
21.0.3,2021-04-17 17:22:14,3,,106
21.0.3,2021-04-17 17:22:14,4,1.0,106
21.0.3,2021-04-17 17:22:14,5,17.0,107
21.0.3,2021-04-17 17:22:14,6,,106
21.0.3,2021-04-17 17:22:14,7,21.0,107
21.0.3,2021-04-17 17:22:14,8,267.0,124
21.0.3,2021-04-17 17:22:14,9,933.0,191
21.0.3,2021-04-17 17:22:14,10,1886.0,249
21.0.3,2021-04-17 17:22:14,11,908.0,181
21.0.3,2021-04-17 17:22:14,12,112.0,25
21.0.3,2021-04-17 17:22:14,13,1.0,1
21.0.4,2021-05-02 17:14:08,1,,1
21.0.4,2021-05-02 17:14:08,2,,2
21.0.4,2021-05-02 17:14:08,3,,106
21.0.4,2021-05-02 17:14:08,4,1.0,106
21.0.4,2021-05-02 17:14:08,5,17.0,107
21.0.4,2021-05-02 17:14:08,6,,106
21.0.4,2021-05-02 17:14:08,7,21.0,107
21.0.4,2021-05-02 17:14:08,8,267.0,124
21.0.4,2021-05-02 17:14:08,9,935.0,191
21.0.4,2021-05-02 17:14:08,10,1892.0,249
21.0.4,2021-05-02 17:14:08,11,909.0,182
21.0.4,2021-05-02 17:14:08,12,115.0,25
21.0.4,2021-05-02 17:14:08,13,1.0,1
21.0.5,2021-05-14 16:25:44,1,,1
21.0.5,2021-05-14 16:25:44,2,,2
21.0.5,2021-05-14 16:25:44,3,,107
21.0.5,2021-05-14 16:25:44,4,1.0,107
21.0.5,2021-05-14 16:25:44,5,17.0,108
21.0.5,2021-05-14 16:25:44,6,,107
21.0.5,2021-05-14 16:25:44,7,21.0,108
21.0.5,2021-05-14 16:25:44,8,267.0,125
21.0.5,2021-05-14 16:25:44,9,935.0,192
21.0.5,2021-05-14 16:25:44,10,1891.0,250
21.0.5,2021-05-14 16:25:44,11,911.0,183
21.0.5,2021-05-14 16:25:44,12,115.0,25
21.0.5,2021-05-14 16:25:44,13,1.0,1
21.1.0,2021-05-28 07:16:23,1,,1
21.1.0,2021-05-28 07:16:23,2,,2
21.1.0,2021-05-28 07:16:23,3,,107
21.1.0,2021-05-28 07:16:23,4,1.0,107
21.1.0,2021-05-28 07:16:23,5,17.0,108
21.1.0,2021-05-28 07:16:23,6,,107
21.1.0,2021-05-28 07:16:23,7,21.0,108
21.1.0,2021-05-28 07:16:23,8,267.0,125
21.1.0,2021-05-28 07:16:23,9,938.0,192
21.1.0,2021-05-28 07:16:23,10,1896.0,250
21.1.0,2021-05-28 07:16:23,11,912.0,183
21.1.0,2021-05-28 07:16:23,12,115.0,25
21.1.0,2021-05-28 07:16:23,13,1.0,1
21.1.1,2021-06-18 15:50:04,1,,1
21.1.1,2021-06-18 15:50:04,2,,2
21.1.1,2021-06-18 15:50:04,3,,107
21.1.1,2021-06-18 15:50:04,4,1.0,107
21.1.1,2021-06-18 15:50:04,5,17.0,108
21.1.1,2021-06-18 15:50:04,6,,107
21.1.1,2021-06-18 15:50:04,7,21.0,108
21.1.1,2021-06-18 15:50:04,8,267.0,125
21.1.1,2021-06-18 15:50:04,9,939.0,192
21.1.1,2021-06-18 15:50:04,10,1900.0,250
21.1.1,2021-06-18 15:50:04,11,913.0,183
21.1.1,2021-06-18 15:50:04,12,122.0,26
21.1.1,2021-06-18 15:50:04,13,1.0,1
21.1.2,2021-07-02 15:34:15,1,,1
21.1.2,2021-07-02 15:34:15,2,,2
21.1.2,2021-07-02 15:34:15,3,,107
21.1.2,2021-07-02 15:34:15,4,1.0,107
21.1.2,2021-07-02 15:34:15,5,17.0,108
21.1.2,2021-07-02 15:34:15,6,,107
21.1.2,2021-07-02 15:34:15,7,21.0,108
21.1.2,2021-07-02 15:34:15,8,267.0,125
21.1.2,2021-07-02 15:34:15,9,941.0,192
21.1.2,2021-07-02 15:34:15,10,1913.0,251
21.1.2,2021-07-02 15:34:15,11,915.0,183
21.1.2,2021-07-02 15:34:15,12,122.0,26
21.1.2,2021-07-02 15:34:15,13,1.0,1
21.1.3,2021-07-15 10:06:56,1,,1
21.1.3,2021-07-15 10:06:56,2,,2
21.1.3,2021-07-15 10:06:56,3,,107
21.1.3,2021-07-15 10:06:56,4,1.0,107
21.1.3,2021-07-15 10:06:56,5,17.0,108
21.1.3,2021-07-15 10:06:56,6,,107
21.1.3,2021-07-15 10:06:56,7,21.0,108
21.1.3,2021-07-15 10:06:56,8,267.0,125
21.1.3,2021-07-15 10:06:56,9,944.0,192
21.1.3,2021-07-15 10:06:56,10,1916.0,251
21.1.3,2021-07-15 10:06:56,11,920.0,184
21.1.3,2021-07-15 10:06:56,12,123.0,26
21.1.3,2021-07-15 10:06:56,13,1.0,1
21.1.4,2021-07-29 13:08:18,1,,1
21.1.4,2021-07-29 13:08:18,2,,2
21.1.4,2021-07-29 13:08:18,3,,107
21.1.4,2021-07-29 13:08:18,4,1.0,107
21.1.4,2021-07-29 13:08:18,5,17.0,108
21.1.4,2021-07-29 13:08:18,6,,107
21.1.4,2021-07-29 13:08:18,7,21.0,108
21.1.4,2021-07-29 13:08:18,8,267.0,125
21.1.4,2021-07-29 13:08:18,9,945.0,192
21.1.4,2021-07-29 13:08:18,10,1927.0,251
21.1.4,2021-07-29 13:08:18,11,920.0,184
21.1.4,2021-07-29 13:08:18,12,123.0,26
21.1.4,2021-07-29 13:08:18,13,1.0,1
21.1.5,2021-08-12 13:00:03,1,,1
21.1.5,2021-08-12 13:00:03,2,,2
21.1.5,2021-08-12 13:00:03,3,,107
21.1.5,2021-08-12 13:00:03,4,1.0,107
21.1.5,2021-08-12 13:00:03,5,17.0,108
21.1.5,2021-08-12 13:00:03,6,,107
21.1.5,2021-08-12 13:00:03,7,21.0,108
21.1.5,2021-08-12 13:00:03,8,267.0,125
21.1.5,2021-08-12 13:00:03,9,946.0,192
21.1.5,2021-08-12 13:00:03,10,1929.0,251
21.1.5,2021-08-12 13:00:03,11,923.0,184
21.1.5,2021-08-12 13:00:03,12,124.0,27
21.1.5,2021-08-12 13:00:03,13,1.0,1
21.2.0,2021-08-27 17:04:34,1,,1
21.2.0,2021-08-27 17:04:34,2,,2
21.2.0,2021-08-27 17:04:34,3,,109
21.2.0,2021-08-27 17:04:34,4,1.0,109
21.2.0,2021-08-27 17:04:34,5,17.0,110
21.2.0,2021-08-27 17:04:34,6,,109
21.2.0,2021-08-27 17:04:34,7,21.0,110
21.2.0,2021-08-27 17:04:34,8,267.0,127
21.2.0,2021-08-27 17:04:34,9,951.0,194
21.2.0,2021-08-27 17:04:34,10,1932.0,255
21.2.0,2021-08-27 17:04:34,11,940.0,190
21.2.0,2021-08-27 17:04:34,12,124.0,27
21.2.0,2021-08-27 17:04:34,13,1.0,1
21.2.1,2021-09-17 17:36:54,1,,1
21.2.1,2021-09-17 17:36:54,2,,2
21.2.1,2021-09-17 17:36:54,3,,109
21.2.1,2021-09-17 17:36:54,4,1.0,109
21.2.1,2021-09-17 17:36:54,5,17.0,110
21.2.1,2021-09-17 17:36:54,6,,109
21.2.1,2021-09-17 17:36:54,7,21.0,110
21.2.1,2021-09-17 17:36:54,8,268.0,127
21.2.1,2021-09-17 17:36:54,9,958.0,194
21.2.1,2021-09-17 17:36:54,10,1945.0,258
21.2.1,2021-09-17 17:36:54,11,944.0,190
21.2.1,2021-09-17 17:36:54,12,125.0,27
21.2.1,2021-09-17 17:36:54,13,1.0,1
21.2.2,2021-10-01 13:29:29,1,,1
21.2.2,2021-10-01 13:29:29,2,,2
21.2.2,2021-10-01 13:29:29,3,,109
21.2.2,2021-10-01 13:29:29,4,1.0,109
21.2.2,2021-10-01 13:29:29,5,17.0,110
21.2.2,2021-10-01 13:29:29,6,,109
21.2.2,2021-10-01 13:29:29,7,21.0,110
21.2.2,2021-10-01 13:29:29,8,275.0,128
21.2.2,2021-10-01 13:29:29,9,959.0,194
21.2.2,2021-10-01 13:29:29,10,1950.0,258
21.2.2,2021-10-01 13:29:29,11,944.0,190
21.2.2,2021-10-01 13:29:29,12,125.0,27
21.2.2,2021-10-01 13:29:29,13,1.0,1
21.2.3,2021-10-15 15:58:29,1,,1
21.2.3,2021-10-15 15:58:29,2,,2
21.2.3,2021-10-15 15:58:29,3,,109
21.2.3,2021-10-15 15:58:29,4,1.0,109
21.2.3,2021-10-15 15:58:29,5,17.0,110
21.2.3,2021-10-15 15:58:29,6,,109
21.2.3,2021-10-15 15:58:29,7,21.0,110
21.2.3,2021-10-15 15:58:29,8,277.0,128
21.2.3,2021-10-15 15:58:29,9,959.0,194
21.2.3,2021-10-15 15:58:29,10,1953.0,258
21.2.3,2021-10-15 15:58:29,11,944.0,190
21.2.3,2021-10-15 15:58:29,12,125.0,27
21.2.3,2021-10-15 15:58:29,13,1.0,1
21.2.4,2021-10-27 18:17:22,1,,1
21.2.4,2021-10-27 18:17:22,2,,2
21.2.4,2021-10-27 18:17:22,3,,109
21.2.4,2021-10-27 18:17:22,4,1.0,109
21.2.4,2021-10-27 18:17:22,5,17.0,110
21.2.4,2021-10-27 18:17:22,6,,109
21.2.4,2021-10-27 18:17:22,7,21.0,110
21.2.4,2021-10-27 18:17:22,8,277.0,128
21.2.4,2021-10-27 18:17:22,9,965.0,194
21.2.4,2021-10-27 18:17:22,10,1957.0,261
21.2.4,2021-10-27 18:17:22,11,946.0,190
21.2.4,2021-10-27 18:17:22,12,125.0,27
21.2.4,2021-10-27 18:17:22,13,1.0,1
21.2.5,2021-11-10 15:30:41,1,,1
21.2.5,2021-11-10 15:30:41,2,,2
21.2.5,2021-11-10 15:30:41,3,,109
21.2.5,2021-11-10 15:30:41,4,1.0,109
21.2.5,2021-11-10 15:30:41,5,17.0,110
21.2.5,2021-11-10 15:30:41,6,,109
21.2.5,2021-11-10 15:30:41,7,21.0,110
21.2.5,2021-11-10 15:30:41,8,276.0,128
21.2.5,2021-11-10 15:30:41,9,967.0,194
21.2.5,2021-11-10 15:30:41,10,1963.0,262
21.2.5,2021-11-10 15:30:41,11,948.0,191
21.2.5,2021-11-10 15:30:41,12,125.0,27
21.2.5,2021-11-10 15:30:41,13,1.0,1
21.3.0,2021-11-28 16:34:22,1,,1
21.3.0,2021-11-28 16:34:22,2,,2
21.3.0,2021-11-28 16:34:22,3,,109
21.3.0,2021-11-28 16:34:22,4,1.0,109
21.3.0,2021-11-28 16:34:22,5,17.0,110
21.3.0,2021-11-28 16:34:22,6,,109
21.3.0,2021-11-28 16:34:22,7,21.0,110
21.3.0,2021-11-28 16:34:22,8,276.0,128
21.3.0,2021-11-28 16:34:22,9,969.0,194
21.3.0,2021-11-28 16:34:22,10,1969.0,263
21.3.0,2021-11-28 16:34:22,11,948.0,192
21.3.0,2021-11-28 16:34:22,12,127.0,28
21.3.0,2021-11-28 16:34:22,13,1.0,1
21.3.1,2021-12-09 14:10:46,1,,1
21.3.1,2021-12-09 14:10:46,2,,2
21.3.1,2021-12-09 14:10:46,3,,109
21.3.1,2021-12-09 14:10:46,4,1.0,109
21.3.1,2021-12-09 14:10:46,5,17.0,110
21.3.1,2021-12-09 14:10:46,6,,109
21.3.1,2021-12-09 14:10:46,7,21.0,110
21.3.1,2021-12-09 14:10:46,8,277.0,128
21.3.1,2021-12-09 14:10:46,9,975.0,196
21.3.1,2021-12-09 14:10:46,10,1976.0,264
21.3.1,2021-12-09 14:10:46,11,950.0,192
21.3.1,2021-12-09 14:10:46,12,127.0,28
21.3.1,2021-12-09 14:10:46,13,1.0,1
21.3.2,2021-12-24 13:38:39,1,,1
21.3.2,2021-12-24 13:38:39,2,,2
21.3.2,2021-12-24 13:38:39,3,,109
21.3.2,2021-12-24 13:38:39,4,1.0,109
21.3.2,2021-12-24 13:38:39,5,17.0,110
21.3.2,2021-12-24 13:38:39,6,,109
21.3.2,2021-12-24 13:38:39,7,21.0,110
21.3.2,2021-12-24 13:38:39,8,278.0,128
21.3.2,2021-12-24 13:38:39,9,978.0,196
21.3.2,2021-12-24 13:38:39,10,1990.0,265
21.3.2,2021-12-24 13:38:39,11,952.0,193
21.3.2,2021-12-24 13:38:39,12,127.0,28
21.3.2,2021-12-24 13:38:39,13,1.0,1
21.3.3,2022-01-23 11:04:11,1,,1
21.3.3,2022-01-23 11:04:11,2,,2
21.3.3,2022-01-23 11:04:11,3,,109
21.3.3,2022-01-23 11:04:11,4,1.0,109
21.3.3,2022-01-23 11:04:11,5,17.0,110
21.3.3,2022-01-23 11:04:11,6,,109
21.3.3,2022-01-23 11:04:11,7,21.0,110
21.3.3,2022-01-23 11:04:11,8,278.0,128
21.3.3,2022-01-23 11:04:11,9,987.0,197
21.3.3,2022-01-23 11:04:11,10,1991.0,265
21.3.3,2022-01-23 11:04:11,11,953.0,193
21.3.3,2022-01-23 11:04:11,12,127.0,28
21.3.3,2022-01-23 11:04:11,13,1.0,1
21.3.4,2022-02-05 15:39:30,1,,1
21.3.4,2022-02-05 15:39:30,2,,2
21.3.4,2022-02-05 15:39:30,3,,110
21.3.4,2022-02-05 15:39:30,4,1.0,110
21.3.4,2022-02-05 15:39:30,5,17.0,111
21.3.4,2022-02-05 15:39:30,6,,110
21.3.4,2022-02-05 15:39:30,7,21.0,111
21.3.4,2022-02-05 15:39:30,8,279.0,129
21.3.4,2022-02-05 15:39:30,9,991.0,197
21.3.4,2022-02-05 15:39:30,10,1999.0,265
21.3.4,2022-02-05 15:39:30,11,955.0,193
21.3.4,2022-02-05 15:39:30,12,148.0,29
21.3.4,2022-02-05 15:39:30,13,1.0,1
21.3.5,2022-02-18 16:07:36,1,,1
21.3.5,2022-02-18 16:07:36,2,,2
21.3.5,2022-02-18 16:07:36,3,,110
21.3.5,2022-02-18 16:07:36,4,1.0,110
21.3.5,2022-02-18 16:07:36,5,17.0,111
21.3.5,2022-02-18 16:07:36,6,,110
21.3.5,2022-02-18 16:07:36,7,21.0,111
21.3.5,2022-02-18 16:07:36,8,282.0,129
21.3.5,2022-02-18 16:07:36,9,995.0,197
21.3.5,2022-02-18 16:07:36,10,2010.0,266
21.3.5,2022-02-18 16:07:36,11,964.0,196
21.3.5,2022-02-18 16:07:36,12,148.0,29
21.3.5,2022-02-18 16:07:36,13,1.0,1
22.0.0,2022-03-05 14:43:46,1,,1
22.0.0,2022-03-05 14:43:46,2,,2
22.0.0,2022-03-05 14:43:46,3,,110
22.0.0,2022-03-05 14:43:46,4,1.0,110
22.0.0,2022-03-05 14:43:46,5,17.0,111
22.0.0,2022-03-05 14:43:46,6,,110
22.0.0,2022-03-05 14:43:46,7,21.0,111
22.0.0,2022-03-05 14:43:46,8,285.0,129
22.0.0,2022-03-05 14:43:46,9,996.0,197
22.0.0,2022-03-05 14:43:46,10,2016.0,266
22.0.0,2022-03-05 14:43:46,11,964.0,196
22.0.0,2022-03-05 14:43:46,12,148.0,29
22.0.0,2022-03-05 14:43:46,13,1.0,1
22.0.1,2022-03-17 07:50:21,1,,1
22.0.1,2022-03-17 07:50:21,2,,2
22.0.1,2022-03-17 07:50:21,3,,111
22.0.1,2022-03-17 07:50:21,4,1.0,111
22.0.1,2022-03-17 07:50:21,5,17.0,112
22.0.1,2022-03-17 07:50:21,6,,111
22.0.1,2022-03-17 07:50:21,7,21.0,112
22.0.1,2022-03-17 07:50:21,8,285.0,130
22.0.1,2022-03-17 07:50:21,9,1010.0,199
22.0.1,2022-03-17 07:50:21,10,2038.0,269
22.0.1,2022-03-17 07:50:21,11,972.0,197
22.0.1,2022-03-17 07:50:21,12,148.0,29
22.0.1,2022-03-17 07:50:21,13,1.0,1
22.0.2,2022-03-31 06:07:11,1,,1
22.0.2,2022-03-31 06:07:11,2,,2
22.0.2,2022-03-31 06:07:11,3,,112
22.0.2,2022-03-31 06:07:11,4,1.0,112
22.0.2,2022-03-31 06:07:11,5,17.0,113
22.0.2,2022-03-31 06:07:11,6,,112
22.0.2,2022-03-31 06:07:11,7,21.0,113
22.0.2,2022-03-31 06:07:11,8,285.0,131
22.0.2,2022-03-31 06:07:11,9,1016.0,200
22.0.2,2022-03-31 06:07:11,10,2039.0,270
22.0.2,2022-03-31 06:07:11,11,977.0,198
22.0.2,2022-03-31 06:07:11,12,149.0,29
22.0.2,2022-03-31 06:07:11,13,1.0,1
22.0.3,2022-04-15 13:07:38,1,,1
22.0.3,2022-04-15 13:07:38,2,,2
22.0.3,2022-04-15 13:07:38,3,,112
22.0.3,2022-04-15 13:07:38,4,1.0,112
22.0.3,2022-04-15 13:07:38,5,17.0,113
22.0.3,2022-04-15 13:07:38,6,,112
22.0.3,2022-04-15 13:07:38,7,22.0,113
22.0.3,2022-04-15 13:07:38,8,285.0,131
22.0.3,2022-04-15 13:07:38,9,1025.0,201
22.0.3,2022-04-15 13:07:38,10,2042.0,271
22.0.3,2022-04-15 13:07:38,11,981.0,199
22.0.3,2022-04-15 13:07:38,12,149.0,29
22.0.3,2022-04-15 13:07:38,13,1.0,1
22.0.4,2022-04-29 22:16:30,1,,1
22.0.4,2022-04-29 22:16:30,2,,2
22.0.4,2022-04-29 22:16:30,3,,112
22.0.4,2022-04-29 22:16:30,4,1.0,112
22.0.4,2022-04-29 22:16:30,5,17.0,113
22.0.4,2022-04-29 22:16:30,6,,112
22.0.4,2022-04-29 22:16:30,7,22.0,113
22.0.4,2022-04-29 22:16:30,8,286.0,132
22.0.4,2022-04-29 22:16:30,9,1034.0,203
22.0.4,2022-04-29 22:16:30,10,2056.0,272
22.0.4,2022-04-29 22:16:30,11,982.0,199
22.0.4,2022-04-29 22:16:30,12,149.0,29
22.0.4,2022-04-29 22:16:30,13,1.0,1
3.5.2,2015-10-26 14:38:51,1,,1
3.5.2,2015-10-26 14:38:51,2,,3
3.5.2,2015-10-26 14:38:51,3,,20
3.5.2,2015-10-26 14:38:51,4,1.0,20
3.5.2,2015-10-26 14:38:51,5,17.0,21
3.5.2,2015-10-26 14:38:51,6,,20
3.5.2,2015-10-26 14:38:51,7,15.0,21
3.5.2,2015-10-26 14:38:51,8,126.0,28
3.5.2,2015-10-26 14:38:51,9,506.0,70
3.5.2,2015-10-26 14:38:51,10,860.0,111
3.5.2,2015-10-26 14:38:51,11,341.0,48
3.5.2,2015-10-26 14:38:51,12,46.0,9
3.5.2,2015-10-26 14:38:51,13,2.0,1
3.5.3,2015-11-09 19:28:16,1,,1
3.5.3,2015-11-09 19:28:16,2,,2
3.5.3,2015-11-09 19:28:16,3,,19
3.5.3,2015-11-09 19:28:16,4,1.0,19
3.5.3,2015-11-09 19:28:16,5,17.0,20
3.5.3,2015-11-09 19:28:16,6,,19
3.5.3,2015-11-09 19:28:16,7,15.0,20
3.5.3,2015-11-09 19:28:16,8,129.0,27
3.5.3,2015-11-09 19:28:16,9,507.0,69
3.5.3,2015-11-09 19:28:16,10,864.0,110
3.5.3,2015-11-09 19:28:16,11,343.0,49
3.5.3,2015-11-09 19:28:16,12,35.0,6
3.5.4,2015-11-16 17:42:43,1,,1
3.5.4,2015-11-16 17:42:43,2,,2
3.5.4,2015-11-16 17:42:43,3,,19
3.5.4,2015-11-16 17:42:43,4,1.0,19
3.5.4,2015-11-16 17:42:43,5,17.0,20
3.5.4,2015-11-16 17:42:43,6,,19
3.5.4,2015-11-16 17:42:43,7,15.0,20
3.5.4,2015-11-16 17:42:43,8,129.0,27
3.5.4,2015-11-16 17:42:43,9,509.0,69
3.5.4,2015-11-16 17:42:43,10,864.0,110
3.5.4,2015-11-16 17:42:43,11,343.0,49
3.5.4,2015-11-16 17:42:43,12,35.0,6
3.5.5,2015-11-29 11:41:55,1,,1
3.5.5,2015-11-29 11:41:55,2,,2
3.5.5,2015-11-29 11:41:55,3,,19
3.5.5,2015-11-29 11:41:55,4,1.0,19
3.5.5,2015-11-29 11:41:55,5,17.0,20
3.5.5,2015-11-29 11:41:55,6,,19
3.5.5,2015-11-29 11:41:55,7,15.0,20
3.5.5,2015-11-29 11:41:55,8,128.0,27
3.5.5,2015-11-29 11:41:55,9,509.0,69
3.5.5,2015-11-29 11:41:55,10,872.0,110
3.5.5,2015-11-29 11:41:55,11,343.0,49
3.5.5,2015-11-29 11:41:55,12,35.0,6
3.5.6,2015-12-08 08:13:05,1,,1
3.5.6,2015-12-08 08:13:05,2,,2
3.5.6,2015-12-08 08:13:05,3,,19
3.5.6,2015-12-08 08:13:05,4,1.0,19
3.5.6,2015-12-08 08:13:05,5,17.0,20
3.5.6,2015-12-08 08:13:05,6,,19
3.5.6,2015-12-08 08:13:05,7,15.0,20
3.5.6,2015-12-08 08:13:05,8,128.0,27
3.5.6,2015-12-08 08:13:05,9,505.0,69
3.5.6,2015-12-08 08:13:05,10,879.0,110
3.5.6,2015-12-08 08:13:05,11,343.0,49
3.5.6,2015-12-08 08:13:05,12,35.0,6
3.5.7,2015-12-20 10:50:08,1,,1
3.5.7,2015-12-20 10:50:08,2,,2
3.5.7,2015-12-20 10:50:08,3,,19
3.5.7,2015-12-20 10:50:08,4,1.0,19
3.5.7,2015-12-20 10:50:08,5,17.0,20
3.5.7,2015-12-20 10:50:08,6,,19
3.5.7,2015-12-20 10:50:08,7,15.0,20
3.5.7,2015-12-20 10:50:08,8,132.0,27
3.5.7,2015-12-20 10:50:08,9,510.0,69
3.5.7,2015-12-20 10:50:08,10,879.0,110
3.5.7,2015-12-20 10:50:08,11,344.0,49
3.5.7,2015-12-20 10:50:08,12,35.0,6
3.5.8,2015-12-27 19:31:25,1,,1
3.5.8,2015-12-27 19:31:25,2,,2
3.5.8,2015-12-27 19:31:25,3,,19
3.5.8,2015-12-27 19:31:25,4,1.0,19
3.5.8,2015-12-27 19:31:25,5,17.0,20
3.5.8,2015-12-27 19:31:25,6,,19
3.5.8,2015-12-27 19:31:25,7,15.0,20
3.5.8,2015-12-27 19:31:25,8,132.0,27
3.5.8,2015-12-27 19:31:25,9,512.0,69
3.5.8,2015-12-27 19:31:25,10,906.0,111
3.5.8,2015-12-27 19:31:25,11,344.0,49
3.5.8,2015-12-27 19:31:25,12,35.0,6
3.5.9,2016-01-24 14:31:36,1,,1
3.5.9,2016-01-24 14:31:36,2,,2
3.5.9,2016-01-24 14:31:36,3,,19
3.5.9,2016-01-24 14:31:36,4,1.0,19
3.5.9,2016-01-24 14:31:36,5,17.0,20
3.5.9,2016-01-24 14:31:36,6,,19
3.5.9,2016-01-24 14:31:36,7,15.0,20
3.5.9,2016-01-24 14:31:36,8,128.0,27
3.5.9,2016-01-24 14:31:36,9,525.0,69
3.5.9,2016-01-24 14:31:36,10,912.0,111
3.5.9,2016-01-24 14:31:36,11,348.0,51
3.5.9,2016-01-24 14:31:36,12,35.0,6
3.6.0,2016-02-20 20:56:14,1,,1
3.6.0,2016-02-20 20:56:14,2,,2
3.6.0,2016-02-20 20:56:14,3,,19
3.6.0,2016-02-20 20:56:14,4,1.0,19
3.6.0,2016-02-20 20:56:14,5,17.0,20
3.6.0,2016-02-20 20:56:14,6,,19
3.6.0,2016-02-20 20:56:14,7,15.0,20
3.6.0,2016-02-20 20:56:14,8,130.0,27
3.6.0,2016-02-20 20:56:14,9,528.0,69
3.6.0,2016-02-20 20:56:14,10,936.0,112
3.6.0,2016-02-20 20:56:14,11,357.0,53
3.6.0,2016-02-20 20:56:14,12,35.0,6
3.6.1,2016-02-28 21:09:58,1,,1
3.6.1,2016-02-28 21:09:58,2,,2
3.6.1,2016-02-28 21:09:58,3,,19
3.6.1,2016-02-28 21:09:58,4,1.0,19
3.6.1,2016-02-28 21:09:58,5,17.0,20
3.6.1,2016-02-28 21:09:58,6,,19
3.6.1,2016-02-28 21:09:58,7,15.0,20
3.6.1,2016-02-28 21:09:58,8,130.0,27
3.6.1,2016-02-28 21:09:58,9,528.0,69
3.6.1,2016-02-28 21:09:58,10,935.0,112
3.6.1,2016-02-28 21:09:58,11,357.0,53
3.6.1,2016-02-28 21:09:58,12,35.0,6
3.6.10,2016-06-05 21:58:54,1,,1
3.6.10,2016-06-05 21:58:54,2,,2
3.6.10,2016-06-05 21:58:54,3,,22
3.6.10,2016-06-05 21:58:54,4,1.0,22
3.6.10,2016-06-05 21:58:54,5,17.0,23
3.6.10,2016-06-05 21:58:54,6,,22
3.6.10,2016-06-05 21:58:54,7,16.0,23
3.6.10,2016-06-05 21:58:54,8,134.0,30
3.6.10,2016-06-05 21:58:54,9,543.0,71
3.6.10,2016-06-05 21:58:54,10,961.0,118
3.6.10,2016-06-05 21:58:54,11,367.0,55
3.6.10,2016-06-05 21:58:54,12,37.0,6
3.6.2,2016-03-12 17:12:37,1,,1
3.6.2,2016-03-12 17:12:37,2,,2
3.6.2,2016-03-12 17:12:37,3,,19
3.6.2,2016-03-12 17:12:37,4,1.0,19
3.6.2,2016-03-12 17:12:37,5,17.0,20
3.6.2,2016-03-12 17:12:37,6,,19
3.6.2,2016-03-12 17:12:37,7,15.0,20
3.6.2,2016-03-12 17:12:37,8,132.0,27
3.6.2,2016-03-12 17:12:37,9,533.0,68
3.6.2,2016-03-12 17:12:37,10,945.0,113
3.6.2,2016-03-12 17:12:37,11,358.0,54
3.6.2,2016-03-12 17:12:37,12,35.0,6
3.6.3,2016-03-26 18:04:42,1,,1
3.6.3,2016-03-26 18:04:42,2,,2
3.6.3,2016-03-26 18:04:42,3,,19
3.6.3,2016-03-26 18:04:42,4,1.0,19
3.6.3,2016-03-26 18:04:42,5,17.0,20
3.6.3,2016-03-26 18:04:42,6,,19
3.6.3,2016-03-26 18:04:42,7,16.0,20
3.6.3,2016-03-26 18:04:42,8,132.0,27
3.6.3,2016-03-26 18:04:42,9,539.0,68
3.6.3,2016-03-26 18:04:42,10,947.0,113
3.6.3,2016-03-26 18:04:42,11,358.0,54
3.6.3,2016-03-26 18:04:42,12,37.0,6
3.6.4,2016-04-09 23:59:46,1,,1
3.6.4,2016-04-09 23:59:46,2,,2
3.6.4,2016-04-09 23:59:46,3,,19
3.6.4,2016-04-09 23:59:46,4,1.0,19
3.6.4,2016-04-09 23:59:46,5,17.0,20
3.6.4,2016-04-09 23:59:46,6,,19
3.6.4,2016-04-09 23:59:46,7,16.0,20
3.6.4,2016-04-09 23:59:46,8,132.0,27
3.6.4,2016-04-09 23:59:46,9,540.0,68
3.6.4,2016-04-09 23:59:46,10,949.0,113
3.6.4,2016-04-09 23:59:46,11,360.0,54
3.6.4,2016-04-09 23:59:46,12,37.0,6
3.6.5,2016-04-14 21:26:49,1,,1
3.6.5,2016-04-14 21:26:49,2,,2
3.6.5,2016-04-14 21:26:49,3,,19
3.6.5,2016-04-14 21:26:49,4,1.0,19
3.6.5,2016-04-14 21:26:49,5,17.0,20
3.6.5,2016-04-14 21:26:49,6,,19
3.6.5,2016-04-14 21:26:49,7,16.0,20
3.6.5,2016-04-14 21:26:49,8,132.0,27
3.6.5,2016-04-14 21:26:49,9,540.0,68
3.6.5,2016-04-14 21:26:49,10,950.0,113
3.6.5,2016-04-14 21:26:49,11,360.0,54
3.6.5,2016-04-14 21:26:49,12,37.0,6
3.6.6,2016-04-25 17:42:22,1,,1
3.6.6,2016-04-25 17:42:22,2,,2
3.6.6,2016-04-25 17:42:22,3,,20
3.6.6,2016-04-25 17:42:22,4,1.0,20
3.6.6,2016-04-25 17:42:22,5,17.0,21
3.6.6,2016-04-25 17:42:22,6,,20
3.6.6,2016-04-25 17:42:22,7,16.0,21
3.6.6,2016-04-25 17:42:22,8,132.0,28
3.6.6,2016-04-25 17:42:22,9,541.0,69
3.6.6,2016-04-25 17:42:22,10,954.0,114
3.6.6,2016-04-25 17:42:22,11,364.0,55
3.6.6,2016-04-25 17:42:22,12,37.0,6
3.6.7,2016-05-09 16:32:49,1,,1
3.6.7,2016-05-09 16:32:49,2,,2
3.6.7,2016-05-09 16:32:49,3,,20
3.6.7,2016-05-09 16:32:49,4,1.0,20
3.6.7,2016-05-09 16:32:49,5,17.0,21
3.6.7,2016-05-09 16:32:49,6,,20
3.6.7,2016-05-09 16:32:49,7,16.0,21
3.6.7,2016-05-09 16:32:49,8,132.0,28
3.6.7,2016-05-09 16:32:49,9,541.0,69
3.6.7,2016-05-09 16:32:49,10,954.0,114
3.6.7,2016-05-09 16:32:49,11,365.0,55
3.6.7,2016-05-09 16:32:49,12,37.0,6
3.6.8,2016-05-22 18:04:23,1,,1
3.6.8,2016-05-22 18:04:23,2,,2
3.6.8,2016-05-22 18:04:23,3,,21
3.6.8,2016-05-22 18:04:23,4,1.0,21
3.6.8,2016-05-22 18:04:23,5,17.0,22
3.6.8,2016-05-22 18:04:23,6,,21
3.6.8,2016-05-22 18:04:23,7,16.0,22
3.6.8,2016-05-22 18:04:23,8,134.0,29
3.6.8,2016-05-22 18:04:23,9,545.0,70
3.6.8,2016-05-22 18:04:23,10,956.0,116
3.6.8,2016-05-22 18:04:23,11,367.0,55
3.6.8,2016-05-22 18:04:23,12,37.0,6
3.6.9,2016-05-30 21:47:26,1,,1
3.6.9,2016-05-30 21:47:26,2,,2
3.6.9,2016-05-30 21:47:26,3,,21
3.6.9,2016-05-30 21:47:26,4,1.0,21
3.6.9,2016-05-30 21:47:26,5,17.0,22
3.6.9,2016-05-30 21:47:26,6,,21
3.6.9,2016-05-30 21:47:26,7,16.0,22
3.6.9,2016-05-30 21:47:26,8,134.0,29
3.6.9,2016-05-30 21:47:26,9,545.0,70
3.6.9,2016-05-30 21:47:26,10,957.0,116
3.6.9,2016-05-30 21:47:26,11,367.0,55
3.6.9,2016-05-30 21:47:26,12,37.0,6
3.7.8,2016-10-31 12:14:29,1,,1
3.7.8,2016-10-31 12:14:29,2,,2
3.7.8,2016-10-31 12:14:29,3,,24
3.7.8,2016-10-31 12:14:29,4,1.0,24
3.7.8,2016-10-31 12:14:29,5,17.0,25
3.7.8,2016-10-31 12:14:29,6,,24
3.7.8,2016-10-31 12:14:29,7,17.0,25
3.7.8,2016-10-31 12:14:29,8,151.0,32
3.7.8,2016-10-31 12:14:29,9,563.0,76
3.7.8,2016-10-31 12:14:29,10,1016.0,125
3.7.8,2016-10-31 12:14:29,11,419.0,63
3.7.8,2016-10-31 12:14:29,12,31.0,4
3.8.5,2017-01-28 11:05:39,1,,1
3.8.5,2017-01-28 11:05:39,2,,2
3.8.5,2017-01-28 11:05:39,3,,25
3.8.5,2017-01-28 11:05:39,4,1.0,25
3.8.5,2017-01-28 11:05:39,5,17.0,26
3.8.5,2017-01-28 11:05:39,6,,25
3.8.5,2017-01-28 11:05:39,7,18.0,26
3.8.5,2017-01-28 11:05:39,8,146.0,33
3.8.5,2017-01-28 11:05:39,9,591.0,78
3.8.5,2017-01-28 11:05:39,10,1059.0,128
3.8.5,2017-01-28 11:05:39,11,432.0,65
3.8.5,2017-01-28 11:05:39,12,31.0,4
4.0.0,2017-02-20 01:09:35,1,,1
4.0.0,2017-02-20 01:09:35,2,,2
4.0.0,2017-02-20 01:09:35,3,,26
4.0.0,2017-02-20 01:09:35,4,1.0,26
4.0.0,2017-02-20 01:09:35,5,17.0,27
4.0.0,2017-02-20 01:09:35,6,,26
4.0.0,2017-02-20 01:09:35,7,18.0,27
4.0.0,2017-02-20 01:09:35,8,147.0,34
4.0.0,2017-02-20 01:09:35,9,600.0,79
4.0.0,2017-02-20 01:09:35,10,1081.0,131
4.0.0,2017-02-20 01:09:35,11,434.0,66
4.0.0,2017-02-20 01:09:35,12,38.0,5
4.0.1,2017-02-21 13:40:32,1,,1
4.0.1,2017-02-21 13:40:32,2,,2
4.0.1,2017-02-21 13:40:32,3,,26
4.0.1,2017-02-21 13:40:32,4,1.0,26
4.0.1,2017-02-21 13:40:32,5,17.0,27
4.0.1,2017-02-21 13:40:32,6,,26
4.0.1,2017-02-21 13:40:32,7,18.0,27
4.0.1,2017-02-21 13:40:32,8,147.0,34
4.0.1,2017-02-21 13:40:32,9,600.0,79
4.0.1,2017-02-21 13:40:32,10,1081.0,131
4.0.1,2017-02-21 13:40:32,11,434.0,66
4.0.1,2017-02-21 13:40:32,12,38.0,5
4.0.2,2017-03-01 20:41:13,1,,1
4.0.2,2017-03-01 20:41:13,2,,2
4.0.2,2017-03-01 20:41:13,3,,26
4.0.2,2017-03-01 20:41:13,4,1.0,26
4.0.2,2017-03-01 20:41:13,5,17.0,27
4.0.2,2017-03-01 20:41:13,6,,26
4.0.2,2017-03-01 20:41:13,7,18.0,27
4.0.2,2017-03-01 20:41:13,8,147.0,34
4.0.2,2017-03-01 20:41:13,9,600.0,79
4.0.2,2017-03-01 20:41:13,10,1081.0,131
4.0.2,2017-03-01 20:41:13,11,434.0,66
4.0.2,2017-03-01 20:41:13,12,38.0,5
4.0.3,2017-03-19 10:59:35,1,,1
4.0.3,2017-03-19 10:59:35,2,,2
4.0.3,2017-03-19 10:59:35,3,,27
4.0.3,2017-03-19 10:59:35,4,1.0,27
4.0.3,2017-03-19 10:59:35,5,17.0,28
4.0.3,2017-03-19 10:59:35,6,,27
4.0.3,2017-03-19 10:59:35,7,18.0,28
4.0.3,2017-03-19 10:59:35,8,149.0,35
4.0.3,2017-03-19 10:59:35,9,606.0,80
4.0.3,2017-03-19 10:59:35,10,1093.0,132
4.0.3,2017-03-19 10:59:35,11,437.0,66
4.0.3,2017-03-19 10:59:35,12,38.0,5
4.0.4,2017-04-02 16:08:35,1,,1
4.0.4,2017-04-02 16:08:35,2,,2
4.0.4,2017-04-02 16:08:35,3,,27
4.0.4,2017-04-02 16:08:35,4,1.0,27
4.0.4,2017-04-02 16:08:35,5,17.0,28
4.0.4,2017-04-02 16:08:35,6,,27
4.0.4,2017-04-02 16:08:35,7,18.0,28
4.0.4,2017-04-02 16:08:35,8,150.0,35
4.0.4,2017-04-02 16:08:35,9,612.0,81
4.0.4,2017-04-02 16:08:35,10,1106.0,134
4.0.4,2017-04-02 16:08:35,11,439.0,66
4.0.4,2017-04-02 16:08:35,12,37.0,5
4.0.5,2017-04-16 21:43:05,1,,1
4.0.5,2017-04-16 21:43:05,2,,2
4.0.5,2017-04-16 21:43:05,3,,29
4.0.5,2017-04-16 21:43:05,4,4.0,29
4.0.5,2017-04-16 21:43:05,5,17.0,29
4.0.5,2017-04-16 21:43:05,6,,28
4.0.5,2017-04-16 21:43:05,7,18.0,29
4.0.5,2017-04-16 21:43:05,8,150.0,36
4.0.5,2017-04-16 21:43:05,9,612.0,82
4.0.5,2017-04-16 21:43:05,10,1115.0,136
4.0.5,2017-04-16 21:43:05,11,464.0,72
4.0.5,2017-04-16 21:43:05,12,38.0,5
4.0.6,2017-05-01 20:48:21,1,,1
4.0.6,2017-05-01 20:48:21,2,,2
4.0.6,2017-05-01 20:48:21,3,,30
4.0.6,2017-05-01 20:48:21,4,4.0,30
4.0.6,2017-05-01 20:48:21,5,17.0,30
4.0.6,2017-05-01 20:48:21,6,,29
4.0.6,2017-05-01 20:48:21,7,18.0,30
4.0.6,2017-05-01 20:48:21,8,150.0,37
4.0.6,2017-05-01 20:48:21,9,614.0,83
4.0.6,2017-05-01 20:48:21,10,1122.0,137
4.0.6,2017-05-01 20:48:21,11,465.0,73
4.0.6,2017-05-01 20:48:21,12,44.0,6
4.0.7,2017-05-13 14:04:55,1,,1
4.0.7,2017-05-13 14:04:55,2,,2
4.0.7,2017-05-13 14:04:55,3,,29
4.0.7,2017-05-13 14:04:55,4,1.0,29
4.0.7,2017-05-13 14:04:55,5,17.0,30
4.0.7,2017-05-13 14:04:55,6,,29
4.0.7,2017-05-13 14:04:55,7,18.0,30
4.0.7,2017-05-13 14:04:55,8,151.0,37
4.0.7,2017-05-13 14:04:55,9,614.0,83
4.0.7,2017-05-13 14:04:55,10,1123.0,137
4.0.7,2017-05-13 14:04:55,11,468.0,74
4.0.7,2017-05-13 14:04:55,12,44.0,6
4.0.8,2017-05-30 21:38:14,1,,1
4.0.8,2017-05-30 21:38:14,2,,2
4.0.8,2017-05-30 21:38:14,3,,29
4.0.8,2017-05-30 21:38:14,4,1.0,29
4.0.8,2017-05-30 21:38:14,5,17.0,30
4.0.8,2017-05-30 21:38:14,6,,29
4.0.8,2017-05-30 21:38:14,7,18.0,30
4.0.8,2017-05-30 21:38:14,8,151.0,37
4.0.8,2017-05-30 21:38:14,9,614.0,83
4.0.8,2017-05-30 21:38:14,10,1125.0,137
4.0.8,2017-05-30 21:38:14,11,468.0,74
4.0.8,2017-05-30 21:38:14,12,44.0,6
4.1.0,2017-06-25 20:09:04,1,,1
4.1.0,2017-06-25 20:09:04,2,,2
4.1.0,2017-06-25 20:09:04,3,,29
4.1.0,2017-06-25 20:09:04,4,1.0,29
4.1.0,2017-06-25 20:09:04,5,17.0,30
4.1.0,2017-06-25 20:09:04,6,,29
4.1.0,2017-06-25 20:09:04,7,18.0,30
4.1.0,2017-06-25 20:09:04,8,152.0,38
4.1.0,2017-06-25 20:09:04,9,615.0,83
4.1.0,2017-06-25 20:09:04,10,1126.0,137
4.1.0,2017-06-25 20:09:04,11,469.0,74
4.1.0,2017-06-25 20:09:04,12,44.0,6
4.1.1,2017-07-24 06:45:30,1,,1
4.1.1,2017-07-24 06:45:30,2,,2
4.1.1,2017-07-24 06:45:30,3,,29
4.1.1,2017-07-24 06:45:30,4,1.0,29
4.1.1,2017-07-24 06:45:30,5,17.0,30
4.1.1,2017-07-24 06:45:30,6,,29
4.1.1,2017-07-24 06:45:30,7,18.0,30
4.1.1,2017-07-24 06:45:30,8,152.0,38
4.1.1,2017-07-24 06:45:30,9,617.0,84
4.1.1,2017-07-24 06:45:30,10,1128.0,137
4.1.1,2017-07-24 06:45:30,11,469.0,74
4.1.1,2017-07-24 06:45:30,12,44.0,6
4.1.2,2017-08-06 21:38:54,1,,1
4.1.2,2017-08-06 21:38:54,2,,2
4.1.2,2017-08-06 21:38:54,3,,29
4.1.2,2017-08-06 21:38:54,4,1.0,29
4.1.2,2017-08-06 21:38:54,5,17.0,30
4.1.2,2017-08-06 21:38:54,6,,29
4.1.2,2017-08-06 21:38:54,7,18.0,30
4.1.2,2017-08-06 21:38:54,8,152.0,38
4.1.2,2017-08-06 21:38:54,9,618.0,84
4.1.2,2017-08-06 21:38:54,10,1133.0,137
4.1.2,2017-08-06 21:38:54,11,469.0,74
4.1.2,2017-08-06 21:38:54,12,44.0,6
4.1.3,2017-08-17 22:28:16,1,,1
4.1.3,2017-08-17 22:28:16,2,,2
4.1.3,2017-08-17 22:28:16,3,,29
4.1.3,2017-08-17 22:28:16,4,1.0,29
4.1.3,2017-08-17 22:28:16,5,17.0,30
4.1.3,2017-08-17 22:28:16,6,,29
4.1.3,2017-08-17 22:28:16,7,18.0,30
4.1.3,2017-08-17 22:28:16,8,152.0,38
4.1.3,2017-08-17 22:28:16,9,619.0,84
4.1.3,2017-08-17 22:28:16,10,1149.0,138
4.1.3,2017-08-17 22:28:16,11,469.0,74
4.1.3,2017-08-17 22:28:16,12,44.0,6
4.2.0,2017-09-03 20:46:17,1,,1
4.2.0,2017-09-03 20:46:17,2,,2
4.2.0,2017-09-03 20:46:17,3,,31
4.2.0,2017-09-03 20:46:17,4,1.0,31
4.2.0,2017-09-03 20:46:17,5,17.0,32
4.2.0,2017-09-03 20:46:17,6,,31
4.2.0,2017-09-03 20:46:17,7,18.0,32
4.2.0,2017-09-03 20:46:17,8,156.0,40
4.2.0,2017-09-03 20:46:17,9,620.0,86
4.2.0,2017-09-03 20:46:17,10,1158.0,141
4.2.0,2017-09-03 20:46:17,11,473.0,75
4.2.0,2017-09-03 20:46:17,12,45.0,6
4.2.1,2017-09-17 20:10:52,1,,1
4.2.1,2017-09-17 20:10:52,2,,2
4.2.1,2017-09-17 20:10:52,3,,31
4.2.1,2017-09-17 20:10:52,4,1.0,31
4.2.1,2017-09-17 20:10:52,5,17.0,32
4.2.1,2017-09-17 20:10:52,6,,31
4.2.1,2017-09-17 20:10:52,7,18.0,32
4.2.1,2017-09-17 20:10:52,8,157.0,40
4.2.1,2017-09-17 20:10:52,9,621.0,86
4.2.1,2017-09-17 20:10:52,10,1172.0,142
4.2.1,2017-09-17 20:10:52,11,475.0,75
4.2.1,2017-09-17 20:10:52,12,45.0,6
4.2.2,2017-10-01 09:57:38,1,,1
4.2.2,2017-10-01 09:57:38,2,,2
4.2.2,2017-10-01 09:57:38,3,,31
4.2.2,2017-10-01 09:57:38,4,1.0,31
4.2.2,2017-10-01 09:57:38,5,17.0,32
4.2.2,2017-10-01 09:57:38,6,,31
4.2.2,2017-10-01 09:57:38,7,18.0,32
4.2.2,2017-10-01 09:57:38,8,157.0,40
4.2.2,2017-10-01 09:57:38,9,622.0,86
4.2.2,2017-10-01 09:57:38,10,1175.0,142
4.2.2,2017-10-01 09:57:38,11,477.0,75
4.2.2,2017-10-01 09:57:38,12,45.0,6
4.2.3,2017-10-15 21:17:39,1,,1
4.2.3,2017-10-15 21:17:39,2,,2
4.2.3,2017-10-15 21:17:39,3,,32
4.2.3,2017-10-15 21:17:39,4,1.0,32
4.2.3,2017-10-15 21:17:39,5,17.0,33
4.2.3,2017-10-15 21:17:39,6,,32
4.2.3,2017-10-15 21:17:39,7,18.0,33
4.2.3,2017-10-15 21:17:39,8,159.0,42
4.2.3,2017-10-15 21:17:39,9,621.0,88
4.2.3,2017-10-15 21:17:39,10,1179.0,144
4.2.3,2017-10-15 21:17:39,11,480.0,76
4.2.3,2017-10-15 21:17:39,12,45.0,6
4.2.4,2017-10-29 19:58:00,1,,1
4.2.4,2017-10-29 19:58:00,2,,2
4.2.4,2017-10-29 19:58:00,3,,32
4.2.4,2017-10-29 19:58:00,4,1.0,32
4.2.4,2017-10-29 19:58:00,5,17.0,33
4.2.4,2017-10-29 19:58:00,6,,32
4.2.4,2017-10-29 19:58:00,7,18.0,33
4.2.4,2017-10-29 19:58:00,8,159.0,42
4.2.4,2017-10-29 19:58:00,9,621.0,88
4.2.4,2017-10-29 19:58:00,10,1181.0,144
4.2.4,2017-10-29 19:58:00,11,480.0,76
4.2.4,2017-10-29 19:58:00,12,45.0,6
4.2.5,2017-11-12 21:05:01,1,,1
4.2.5,2017-11-12 21:05:01,2,,2
4.2.5,2017-11-12 21:05:01,3,,32
4.2.5,2017-11-12 21:05:01,4,1.0,32
4.2.5,2017-11-12 21:05:01,5,17.0,33
4.2.5,2017-11-12 21:05:01,6,,32
4.2.5,2017-11-12 21:05:01,7,18.0,33
4.2.5,2017-11-12 21:05:01,8,159.0,42
4.2.5,2017-11-12 21:05:01,9,624.0,88
4.2.5,2017-11-12 21:05:01,10,1180.0,144
4.2.5,2017-11-12 21:05:01,11,481.0,76
4.2.5,2017-11-12 21:05:01,12,45.0,6
4.2.6,2017-11-26 20:49:58,1,,1
4.2.6,2017-11-26 20:49:58,2,,2
4.2.6,2017-11-26 20:49:58,3,,33
4.2.6,2017-11-26 20:49:58,4,1.0,33
4.2.6,2017-11-26 20:49:58,5,17.0,34
4.2.6,2017-11-26 20:49:58,6,,33
4.2.6,2017-11-26 20:49:58,7,18.0,34
4.2.6,2017-11-26 20:49:58,8,158.0,43
4.2.6,2017-11-26 20:49:58,9,627.0,91
4.2.6,2017-11-26 20:49:58,10,1185.0,146
4.2.6,2017-11-26 20:49:58,11,484.0,78
4.2.6,2017-11-26 20:49:58,12,47.0,7
4.3.0,2017-12-07 20:12:31,1,,1
4.3.0,2017-12-07 20:12:31,2,,2
4.3.0,2017-12-07 20:12:31,3,,33
4.3.0,2017-12-07 20:12:31,4,1.0,33
4.3.0,2017-12-07 20:12:31,5,17.0,34
4.3.0,2017-12-07 20:12:31,6,,33
4.3.0,2017-12-07 20:12:31,7,18.0,34
4.3.0,2017-12-07 20:12:31,8,158.0,43
4.3.0,2017-12-07 20:12:31,9,630.0,91
4.3.0,2017-12-07 20:12:31,10,1187.0,146
4.3.0,2017-12-07 20:12:31,11,491.0,80
4.3.0,2017-12-07 20:12:31,12,48.0,8
4.3.1,2017-12-24 17:44:21,1,,1
4.3.1,2017-12-24 17:44:21,2,,2
4.3.1,2017-12-24 17:44:21,3,,38
4.3.1,2017-12-24 17:44:21,4,1.0,38
4.3.1,2017-12-24 17:44:21,5,17.0,39
4.3.1,2017-12-24 17:44:21,6,,38
4.3.1,2017-12-24 17:44:21,7,18.0,39
4.3.1,2017-12-24 17:44:21,8,160.0,48
4.3.1,2017-12-24 17:44:21,9,638.0,98
4.3.1,2017-12-24 17:44:21,10,1219.0,157
4.3.1,2017-12-24 17:44:21,11,504.0,88
4.3.1,2017-12-24 17:44:21,12,54.0,10
4.3.1,2017-12-24 17:44:21,13,4.0,1
4.3.2,2018-01-07 20:41:48,1,,1
4.3.2,2018-01-07 20:41:48,2,,2
4.3.2,2018-01-07 20:41:48,3,,39
4.3.2,2018-01-07 20:41:48,4,1.0,39
4.3.2,2018-01-07 20:41:48,5,17.0,40
4.3.2,2018-01-07 20:41:48,6,,39
4.3.2,2018-01-07 20:41:48,7,18.0,40
4.3.2,2018-01-07 20:41:48,8,173.0,49
4.3.2,2018-01-07 20:41:48,9,651.0,100
4.3.2,2018-01-07 20:41:48,10,1224.0,157
4.3.2,2018-01-07 20:41:48,11,500.0,84
4.3.2,2018-01-07 20:41:48,12,62.0,11
4.3.3,2018-01-21 19:55:43,1,,1
4.3.3,2018-01-21 19:55:43,2,,2
4.3.3,2018-01-21 19:55:43,3,,39
4.3.3,2018-01-21 19:55:43,4,1.0,39
4.3.3,2018-01-21 19:55:43,5,17.0,40
4.3.3,2018-01-21 19:55:43,6,,39
4.3.3,2018-01-21 19:55:43,7,18.0,40
4.3.3,2018-01-21 19:55:43,8,175.0,49
4.3.3,2018-01-21 19:55:43,9,659.0,101
4.3.3,2018-01-21 19:55:43,10,1232.0,158
4.3.3,2018-01-21 19:55:43,11,502.0,85
4.3.3,2018-01-21 19:55:43,12,62.0,11
4.3.3.1,2018-01-22 20:45:03,1,,1
4.3.3.1,2018-01-22 20:45:03,2,,2
4.3.3.1,2018-01-22 20:45:03,3,,39
4.3.3.1,2018-01-22 20:45:03,4,1.0,39
4.3.3.1,2018-01-22 20:45:03,5,17.0,40
4.3.3.1,2018-01-22 20:45:03,6,,39
4.3.3.1,2018-01-22 20:45:03,7,18.0,40
4.3.3.1,2018-01-22 20:45:03,8,175.0,49
4.3.3.1,2018-01-22 20:45:03,9,659.0,101
4.3.3.1,2018-01-22 20:45:03,10,1232.0,158
4.3.3.1,2018-01-22 20:45:03,11,502.0,85
4.3.3.1,2018-01-22 20:45:03,12,62.0,11
4.3.4,2018-02-03 16:36:49,1,,1
4.3.4,2018-02-03 16:36:49,2,,2
4.3.4,2018-02-03 16:36:49,3,,39
4.3.4,2018-02-03 16:36:49,4,1.0,39
4.3.4,2018-02-03 16:36:49,5,17.0,40
4.3.4,2018-02-03 16:36:49,6,,39
4.3.4,2018-02-03 16:36:49,7,18.0,40
4.3.4,2018-02-03 16:36:49,8,176.0,49
4.3.4,2018-02-03 16:36:49,9,660.0,101
4.3.4,2018-02-03 16:36:49,10,1249.0,158
4.3.4,2018-02-03 16:36:49,11,504.0,85
4.3.4,2018-02-03 16:36:49,12,63.0,11
4.3.5,2018-02-18 18:16:48,1,,1
4.3.5,2018-02-18 18:16:48,2,,2
4.3.5,2018-02-18 18:16:48,3,,40
4.3.5,2018-02-18 18:16:48,4,1.0,40
4.3.5,2018-02-18 18:16:48,5,17.0,41
4.3.5,2018-02-18 18:16:48,6,,40
4.3.5,2018-02-18 18:16:48,7,18.0,41
4.3.5,2018-02-18 18:16:48,8,176.0,51
4.3.5,2018-02-18 18:16:48,9,659.0,103
4.3.5,2018-02-18 18:16:48,10,1254.0,160
4.3.5,2018-02-18 18:16:48,11,505.0,85
4.3.5,2018-02-18 18:16:48,12,63.0,11
5.0.0,2018-03-05 17:33:41,1,,1
5.0.0,2018-03-05 17:33:41,2,,2
5.0.0,2018-03-05 17:33:41,3,,40
5.0.0,2018-03-05 17:33:41,4,1.0,40
5.0.0,2018-03-05 17:33:41,5,17.0,41
5.0.0,2018-03-05 17:33:41,6,,40
5.0.0,2018-03-05 17:33:41,7,18.0,41
5.0.0,2018-03-05 17:33:41,8,177.0,51
5.0.0,2018-03-05 17:33:41,9,662.0,103
5.0.0,2018-03-05 17:33:41,10,1258.0,162
5.0.0,2018-03-05 17:33:41,11,505.0,85
5.0.0,2018-03-05 17:33:41,12,62.0,11
5.0.1,2018-03-19 09:58:35,1,,1
5.0.1,2018-03-19 09:58:35,2,,2
5.0.1,2018-03-19 09:58:35,3,,44
5.0.1,2018-03-19 09:58:35,4,1.0,44
5.0.1,2018-03-19 09:58:35,5,17.0,45
5.0.1,2018-03-19 09:58:35,6,,44
5.0.1,2018-03-19 09:58:35,7,18.0,45
5.0.1,2018-03-19 09:58:35,8,178.0,55
5.0.1,2018-03-19 09:58:35,9,667.0,108
5.0.1,2018-03-19 09:58:35,10,1267.0,167
5.0.1,2018-03-19 09:58:35,11,510.0,88
5.0.1,2018-03-19 09:58:35,12,63.0,11
5.0.2,2018-04-01 22:24:49,1,,1
5.0.2,2018-04-01 22:24:49,2,,2
5.0.2,2018-04-01 22:24:49,3,,44
5.0.2,2018-04-01 22:24:49,4,1.0,44
5.0.2,2018-04-01 22:24:49,5,17.0,45
5.0.2,2018-04-01 22:24:49,6,,44
5.0.2,2018-04-01 22:24:49,7,18.0,45
5.0.2,2018-04-01 22:24:49,8,179.0,55
5.0.2,2018-04-01 22:24:49,9,667.0,108
5.0.2,2018-04-01 22:24:49,10,1270.0,167
5.0.2,2018-04-01 22:24:49,11,510.0,88
5.0.2,2018-04-01 22:24:49,12,63.0,11
5.0.3,2018-04-15 21:22:04,1,,1
5.0.3,2018-04-15 21:22:04,2,,2
5.0.3,2018-04-15 21:22:04,3,,44
5.0.3,2018-04-15 21:22:04,4,1.0,44
5.0.3,2018-04-15 21:22:04,5,17.0,45
5.0.3,2018-04-15 21:22:04,6,,44
5.0.3,2018-04-15 21:22:04,7,18.0,45
5.0.3,2018-04-15 21:22:04,8,181.0,55
5.0.3,2018-04-15 21:22:04,9,675.0,108
5.0.3,2018-04-15 21:22:04,10,1269.0,168
5.0.3,2018-04-15 21:22:04,11,511.0,88
5.0.3,2018-04-15 21:22:04,12,65.0,11
5.0.4,2018-04-29 21:58:22,1,,1
5.0.4,2018-04-29 21:58:22,2,,2
5.0.4,2018-04-29 21:58:22,3,,44
5.0.4,2018-04-29 21:58:22,4,1.0,44
5.0.4,2018-04-29 21:58:22,5,17.0,45
5.0.4,2018-04-29 21:58:22,6,,44
5.0.4,2018-04-29 21:58:22,7,18.0,45
5.0.4,2018-04-29 21:58:22,8,181.0,55
5.0.4,2018-04-29 21:58:22,9,678.0,108
5.0.4,2018-04-29 21:58:22,10,1273.0,168
5.0.4,2018-04-29 21:58:22,11,511.0,88
5.0.4,2018-04-29 21:58:22,12,69.0,11
5.0.5,2018-05-13 23:10:33,1,,1
5.0.5,2018-05-13 23:10:33,2,,2
5.0.5,2018-05-13 23:10:33,3,,44
5.0.5,2018-05-13 23:10:33,4,1.0,44
5.0.5,2018-05-13 23:10:33,5,17.0,45
5.0.5,2018-05-13 23:10:33,6,,44
5.0.5,2018-05-13 23:10:33,7,18.0,45
5.0.5,2018-05-13 23:10:33,8,182.0,55
5.0.5,2018-05-13 23:10:33,9,687.0,108
5.0.5,2018-05-13 23:10:33,10,1284.0,168
5.0.5,2018-05-13 23:10:33,11,511.0,88
5.0.5,2018-05-13 23:10:33,12,64.0,11
5.0.6,2018-05-27 23:07:37,1,,1
5.0.6,2018-05-27 23:07:37,2,,2
5.0.6,2018-05-27 23:07:37,3,,44
5.0.6,2018-05-27 23:07:37,4,1.0,44
5.0.6,2018-05-27 23:07:37,5,17.0,45
5.0.6,2018-05-27 23:07:37,6,,44
5.0.6,2018-05-27 23:07:37,7,18.0,45
5.0.6,2018-05-27 23:07:37,8,182.0,55
5.0.6,2018-05-27 23:07:37,9,687.0,108
5.0.6,2018-05-27 23:07:37,10,1294.0,169
5.0.6,2018-05-27 23:07:37,11,512.0,88
5.0.6,2018-05-27 23:07:37,12,65.0,11
5.1.0,2018-06-03 23:27:59,1,,1
5.1.0,2018-06-03 23:27:59,2,,2
5.1.0,2018-06-03 23:27:59,3,,44
5.1.0,2018-06-03 23:27:59,4,1.0,44
5.1.0,2018-06-03 23:27:59,5,17.0,45
5.1.0,2018-06-03 23:27:59,6,,44
5.1.0,2018-06-03 23:27:59,7,18.0,45
5.1.0,2018-06-03 23:27:59,8,181.0,56
5.1.0,2018-06-03 23:27:59,9,690.0,109
5.1.0,2018-06-03 23:27:59,10,1297.0,169
5.1.0,2018-06-03 23:27:59,11,507.0,88
5.1.0,2018-06-03 23:27:59,12,75.0,15
5.1.1,2018-06-17 22:04:49,1,,1
5.1.1,2018-06-17 22:04:49,2,,2
5.1.1,2018-06-17 22:04:49,3,,44
5.1.1,2018-06-17 22:04:49,4,1.0,44
5.1.1,2018-06-17 22:04:49,5,17.0,45
5.1.1,2018-06-17 22:04:49,6,,44
5.1.1,2018-06-17 22:04:49,7,18.0,45
5.1.1,2018-06-17 22:04:49,8,181.0,56
5.1.1,2018-06-17 22:04:49,9,691.0,109
5.1.1,2018-06-17 22:04:49,10,1302.0,169
5.1.1,2018-06-17 22:04:49,11,507.0,88
5.1.1,2018-06-17 22:04:49,12,75.0,15
5.1.2,2018-07-01 23:20:48,1,,1
5.1.2,2018-07-01 23:20:48,2,,2
5.1.2,2018-07-01 23:20:48,3,,44
5.1.2,2018-07-01 23:20:48,4,1.0,44
5.1.2,2018-07-01 23:20:48,5,17.0,45
5.1.2,2018-07-01 23:20:48,6,,44
5.1.2,2018-07-01 23:20:48,7,18.0,45
5.1.2,2018-07-01 23:20:48,8,182.0,56
5.1.2,2018-07-01 23:20:48,9,684.0,109
5.1.2,2018-07-01 23:20:48,10,1315.0,170
5.1.2,2018-07-01 23:20:48,11,522.0,89
5.1.2,2018-07-01 23:20:48,12,75.0,15
5.1.3,2018-07-15 21:36:22,1,,1
5.1.3,2018-07-15 21:36:22,2,,2
5.1.3,2018-07-15 21:36:22,3,,44
5.1.3,2018-07-15 21:36:22,4,1.0,44
5.1.3,2018-07-15 21:36:22,5,17.0,45
5.1.3,2018-07-15 21:36:22,6,,44
5.1.3,2018-07-15 21:36:22,7,18.0,45
5.1.3,2018-07-15 21:36:22,8,183.0,56
5.1.3,2018-07-15 21:36:22,9,686.0,109
5.1.3,2018-07-15 21:36:22,10,1322.0,170
5.1.3,2018-07-15 21:36:22,11,522.0,89
5.1.3,2018-07-15 21:36:22,12,75.0,15
5.1.4,2018-07-29 22:57:21,1,,1
5.1.4,2018-07-29 22:57:21,2,,2
5.1.4,2018-07-29 22:57:21,3,,47
5.1.4,2018-07-29 22:57:21,4,1.0,47
5.1.4,2018-07-29 22:57:21,5,17.0,48
5.1.4,2018-07-29 22:57:21,6,,47
5.1.4,2018-07-29 22:57:21,7,18.0,48
5.1.4,2018-07-29 22:57:21,8,183.0,59
5.1.4,2018-07-29 22:57:21,9,690.0,112
5.1.4,2018-07-29 22:57:21,10,1327.0,172
5.1.4,2018-07-29 22:57:21,11,522.0,89
5.1.4,2018-07-29 22:57:21,12,75.0,15
5.1.5,2018-08-12 23:34:25,1,,1
5.1.5,2018-08-12 23:34:25,2,,2
5.1.5,2018-08-12 23:34:25,3,,48
5.1.5,2018-08-12 23:34:25,4,1.0,48
5.1.5,2018-08-12 23:34:25,5,17.0,49
5.1.5,2018-08-12 23:34:25,6,,48
5.1.5,2018-08-12 23:34:25,7,18.0,49
5.1.5,2018-08-12 23:34:25,8,186.0,60
5.1.5,2018-08-12 23:34:25,9,692.0,111
5.1.5,2018-08-12 23:34:25,10,1339.0,174
5.1.5,2018-08-12 23:34:25,11,534.0,92
5.1.5,2018-08-12 23:34:25,12,75.0,15
5.1.6,2018-08-26 23:35:58,1,,1
5.1.6,2018-08-26 23:35:58,2,,2
5.1.6,2018-08-26 23:35:58,3,,48
5.1.6,2018-08-26 23:35:58,4,1.0,48
5.1.6,2018-08-26 23:35:58,5,17.0,49
5.1.6,2018-08-26 23:35:58,6,,48
5.1.6,2018-08-26 23:35:58,7,18.0,49
5.1.6,2018-08-26 23:35:58,8,192.0,60
5.1.6,2018-08-26 23:35:58,9,697.0,111
5.1.6,2018-08-26 23:35:58,10,1338.0,174
5.1.6,2018-08-26 23:35:58,11,535.0,92
5.1.6,2018-08-26 23:35:58,12,75.0,15
5.2.0,2018-09-12 16:27:35,1,,1
5.2.0,2018-09-12 16:27:35,2,,2
5.2.0,2018-09-12 16:27:35,3,,49
5.2.0,2018-09-12 16:27:35,4,1.0,49
5.2.0,2018-09-12 16:27:35,5,17.0,50
5.2.0,2018-09-12 16:27:35,6,,49
5.2.0,2018-09-12 16:27:35,7,18.0,50
5.2.0,2018-09-12 16:27:35,8,192.0,61
5.2.0,2018-09-12 16:27:35,9,696.0,112
5.2.0,2018-09-12 16:27:35,10,1348.0,176
5.2.0,2018-09-12 16:27:35,11,542.0,93
5.2.0,2018-09-12 16:27:35,12,79.0,17
5.2.2,2018-10-07 21:41:15,1,,1
5.2.2,2018-10-07 21:41:15,2,,2
5.2.2,2018-10-07 21:41:15,3,,50
5.2.2,2018-10-07 21:41:15,4,1.0,50
5.2.2,2018-10-07 21:41:15,5,17.0,51
5.2.2,2018-10-07 21:41:15,6,,50
5.2.2,2018-10-07 21:41:15,7,18.0,51
5.2.2,2018-10-07 21:41:15,8,193.0,62
5.2.2,2018-10-07 21:41:15,9,703.0,111
5.2.2,2018-10-07 21:41:15,10,1363.0,178
5.2.2,2018-10-07 21:41:15,11,540.0,90
5.2.2,2018-10-07 21:41:15,12,77.0,16
5.2.3,2018-10-21 20:04:06,1,,1
5.2.3,2018-10-21 20:04:06,2,,2
5.2.3,2018-10-21 20:04:06,3,,52
5.2.3,2018-10-21 20:04:06,4,1.0,52
5.2.3,2018-10-21 20:04:06,5,17.0,53
5.2.3,2018-10-21 20:04:06,6,,52
5.2.3,2018-10-21 20:04:06,7,18.0,53
5.2.3,2018-10-21 20:04:06,8,194.0,64
5.2.3,2018-10-21 20:04:06,9,706.0,113
5.2.3,2018-10-21 20:04:06,10,1374.0,181
5.2.3,2018-10-21 20:04:06,11,542.0,90
5.2.3,2018-10-21 20:04:06,12,81.0,16
5.2.4,2018-11-05 11:19:30,1,,1
5.2.4,2018-11-05 11:19:30,2,,2
5.2.4,2018-11-05 11:19:30,3,,52
5.2.4,2018-11-05 11:19:30,4,1.0,52
5.2.4,2018-11-05 11:19:30,5,17.0,53
5.2.4,2018-11-05 11:19:30,6,,52
5.2.4,2018-11-05 11:19:30,7,18.0,53
5.2.4,2018-11-05 11:19:30,8,195.0,64
5.2.4,2018-11-05 11:19:30,9,707.0,113
5.2.4,2018-11-05 11:19:30,10,1379.0,181
5.2.4,2018-11-05 11:19:30,11,542.0,90
5.2.4,2018-11-05 11:19:30,12,84.0,17
5.2.5,2018-11-18 17:54:11,1,,1
5.2.5,2018-11-18 17:54:11,2,,2
5.2.5,2018-11-18 17:54:11,3,,52
5.2.5,2018-11-18 17:54:11,4,1.0,52
5.2.5,2018-11-18 17:54:11,5,17.0,53
5.2.5,2018-11-18 17:54:11,6,,52
5.2.5,2018-11-18 17:54:11,7,18.0,53
5.2.5,2018-11-18 17:54:11,8,196.0,65
5.2.5,2018-11-18 17:54:11,9,709.0,114
5.2.5,2018-11-18 17:54:11,10,1403.0,181
5.2.5,2018-11-18 17:54:11,11,554.0,92
5.2.5,2018-11-18 17:54:11,12,84.0,17
5.3.0,2018-12-09 20:52:57,1,,1
5.3.0,2018-12-09 20:52:57,2,,2
5.3.0,2018-12-09 20:52:57,3,,53
5.3.0,2018-12-09 20:52:57,4,1.0,53
5.3.0,2018-12-09 20:52:57,5,17.0,54
5.3.0,2018-12-09 20:52:57,6,,53
5.3.0,2018-12-09 20:52:57,7,18.0,54
5.3.0,2018-12-09 20:52:57,8,196.0,66
5.3.0,2018-12-09 20:52:57,9,710.0,115
5.3.0,2018-12-09 20:52:57,10,1404.0,182
5.3.0,2018-12-09 20:52:57,11,564.0,94
5.3.0,2018-12-09 20:52:57,12,84.0,17
5.3.1,2018-12-23 23:38:04,1,,1
5.3.1,2018-12-23 23:38:04,2,,2
5.3.1,2018-12-23 23:38:04,3,,55
5.3.1,2018-12-23 23:38:04,4,1.0,55
5.3.1,2018-12-23 23:38:04,5,17.0,56
5.3.1,2018-12-23 23:38:04,6,,55
5.3.1,2018-12-23 23:38:04,7,18.0,56
5.3.1,2018-12-23 23:38:04,8,198.0,68
5.3.1,2018-12-23 23:38:04,9,711.0,119
5.3.1,2018-12-23 23:38:04,10,1409.0,185
5.3.1,2018-12-23 23:38:04,11,574.0,96
5.3.1,2018-12-23 23:38:04,12,85.0,17
5.3.2,2019-01-06 22:10:02,1,,1
5.3.2,2019-01-06 22:10:02,2,,2
5.3.2,2019-01-06 22:10:02,3,,61
5.3.2,2019-01-06 22:10:02,4,1.0,61
5.3.2,2019-01-06 22:10:02,5,17.0,62
5.3.2,2019-01-06 22:10:02,6,,61
5.3.2,2019-01-06 22:10:02,7,18.0,62
5.3.2,2019-01-06 22:10:02,8,198.0,77
5.3.2,2019-01-06 22:10:02,9,715.0,136
5.3.2,2019-01-06 22:10:02,10,1430.0,187
5.3.2,2019-01-06 22:10:02,11,597.0,106
5.3.2,2019-01-06 22:10:02,12,85.0,16
5.3.3,2019-01-20 21:42:00,1,,1
5.3.3,2019-01-20 21:42:00,2,,2
5.3.3,2019-01-20 21:42:00,3,,62
5.3.3,2019-01-20 21:42:00,4,1.0,62
5.3.3,2019-01-20 21:42:00,5,17.0,63
5.3.3,2019-01-20 21:42:00,6,,62
5.3.3,2019-01-20 21:42:00,7,18.0,63
5.3.3,2019-01-20 21:42:00,8,201.0,78
5.3.3,2019-01-20 21:42:00,9,719.0,137
5.3.3,2019-01-20 21:42:00,10,1441.0,189
5.3.3,2019-01-20 21:42:00,11,602.0,109
5.3.3,2019-01-20 21:42:00,12,85.0,16
5.3.4,2019-02-03 17:09:21,1,,1
5.3.4,2019-02-03 17:09:21,2,,2
5.3.4,2019-02-03 17:09:21,3,,62
5.3.4,2019-02-03 17:09:21,4,1.0,62
5.3.4,2019-02-03 17:09:21,5,17.0,63
5.3.4,2019-02-03 17:09:21,6,,62
5.3.4,2019-02-03 17:09:21,7,18.0,63
5.3.4,2019-02-03 17:09:21,8,202.0,78
5.3.4,2019-02-03 17:09:21,9,723.0,136
5.3.4,2019-02-03 17:09:21,10,1455.0,189
5.3.4,2019-02-03 17:09:21,11,605.0,110
5.3.4,2019-02-03 17:09:21,12,90.0,18
5.3.5,2019-02-17 22:09:45,1,,1
5.3.5,2019-02-17 22:09:45,2,,2
5.3.5,2019-02-17 22:09:45,3,,64
5.3.5,2019-02-17 22:09:45,4,1.0,64
5.3.5,2019-02-17 22:09:45,5,17.0,65
5.3.5,2019-02-17 22:09:45,6,,64
5.3.5,2019-02-17 22:09:45,7,19.0,65
5.3.5,2019-02-17 22:09:45,8,203.0,80
5.3.5,2019-02-17 22:09:45,9,728.0,138
5.3.5,2019-02-17 22:09:45,10,1507.0,198
5.3.5,2019-02-17 22:09:45,11,613.0,111
5.3.5,2019-02-17 22:09:45,12,90.0,18
6.0.0,2019-03-10 19:22:08,1,,1
6.0.0,2019-03-10 19:22:08,2,,2
6.0.0,2019-03-10 19:22:08,3,,65
6.0.0,2019-03-10 19:22:08,4,1.0,65
6.0.0,2019-03-10 19:22:08,5,17.0,66
6.0.0,2019-03-10 19:22:08,6,,65
6.0.0,2019-03-10 19:22:08,7,19.0,66
6.0.0,2019-03-10 19:22:08,8,203.0,81
6.0.0,2019-03-10 19:22:08,9,731.0,139
6.0.0,2019-03-10 19:22:08,10,1515.0,199
6.0.0,2019-03-10 19:22:08,11,620.0,112
6.0.0,2019-03-10 19:22:08,12,90.0,18
6.0.1,2019-03-25 11:38:59,1,,1
6.0.1,2019-03-25 11:38:59,2,,2
6.0.1,2019-03-25 11:38:59,3,,66
6.0.1,2019-03-25 11:38:59,4,1.0,66
6.0.1,2019-03-25 11:38:59,5,17.0,67
6.0.1,2019-03-25 11:38:59,6,,66
6.0.1,2019-03-25 11:38:59,7,19.0,67
6.0.1,2019-03-25 11:38:59,8,203.0,82
6.0.1,2019-03-25 11:38:59,9,734.0,140
6.0.1,2019-03-25 11:38:59,10,1515.0,200
6.0.1,2019-03-25 11:38:59,11,624.0,114
6.0.1,2019-03-25 11:38:59,12,93.0,20
6.0.2,2019-04-07 21:10:59,1,,1
6.0.2,2019-04-07 21:10:59,2,,2
6.0.2,2019-04-07 21:10:59,3,,69
6.0.2,2019-04-07 21:10:59,4,1.0,69
6.0.2,2019-04-07 21:10:59,5,17.0,70
6.0.2,2019-04-07 21:10:59,6,,69
6.0.2,2019-04-07 21:10:59,7,19.0,70
6.0.2,2019-04-07 21:10:59,8,205.0,83
6.0.2,2019-04-07 21:10:59,9,738.0,142
6.0.2,2019-04-07 21:10:59,10,1533.0,201
6.0.2,2019-04-07 21:10:59,11,631.0,115
6.0.2,2019-04-07 21:10:59,12,98.0,22
6.0.3,2019-04-21 21:26:36,1,,1
6.0.3,2019-04-21 21:26:36,2,,2
6.0.3,2019-04-21 21:26:36,3,,69
6.0.3,2019-04-21 21:26:36,4,1.0,69
6.0.3,2019-04-21 21:26:36,5,17.0,70
6.0.3,2019-04-21 21:26:36,6,,69
6.0.3,2019-04-21 21:26:36,7,19.0,70
6.0.3,2019-04-21 21:26:36,8,205.0,83
6.0.3,2019-04-21 21:26:36,9,751.0,142
6.0.3,2019-04-21 21:26:36,10,1558.0,205
6.0.3,2019-04-21 21:26:36,11,634.0,114
6.0.3,2019-04-21 21:26:36,12,95.0,19
6.0.4,2019-05-05 22:17:58,1,,1
6.0.4,2019-05-05 22:17:58,2,,2
6.0.4,2019-05-05 22:17:58,3,,72
6.0.4,2019-05-05 22:17:58,4,1.0,72
6.0.4,2019-05-05 22:17:58,5,17.0,73
6.0.4,2019-05-05 22:17:58,6,,72
6.0.4,2019-05-05 22:17:58,7,19.0,73
6.0.4,2019-05-05 22:17:58,8,209.0,86
6.0.4,2019-05-05 22:17:58,9,756.0,145
6.0.4,2019-05-05 22:17:58,10,1587.0,209
6.0.4,2019-05-05 22:17:58,11,640.0,115
6.0.4,2019-05-05 22:17:58,12,95.0,19
6.0.5,2019-05-19 20:56:04,1,,1
6.0.5,2019-05-19 20:56:04,2,,2
6.0.5,2019-05-19 20:56:04,3,,75
6.0.5,2019-05-19 20:56:04,4,1.0,75
6.0.5,2019-05-19 20:56:04,5,17.0,76
6.0.5,2019-05-19 20:56:04,6,,75
6.0.5,2019-05-19 20:56:04,7,20.0,76
6.0.5,2019-05-19 20:56:04,8,209.0,89
6.0.5,2019-05-19 20:56:04,9,761.0,147
6.0.5,2019-05-19 20:56:04,10,1591.0,211
6.0.5,2019-05-19 20:56:04,11,640.0,115
6.0.5,2019-05-19 20:56:04,12,95.0,19
6.1.0,2019-06-09 21:50:44,1,,1
6.1.0,2019-06-09 21:50:44,2,,2
6.1.0,2019-06-09 21:50:44,3,,76
6.1.0,2019-06-09 21:50:44,4,1.0,76
6.1.0,2019-06-09 21:50:44,5,17.0,77
6.1.0,2019-06-09 21:50:44,6,,76
6.1.0,2019-06-09 21:50:44,7,20.0,77
6.1.0,2019-06-09 21:50:44,8,210.0,90
6.1.0,2019-06-09 21:50:44,9,765.0,149
6.1.0,2019-06-09 21:50:44,10,1608.0,216
6.1.0,2019-06-09 21:50:44,11,629.0,113
6.1.0,2019-06-09 21:50:44,12,97.0,19
6.1.0,2019-06-09 21:50:44,13,1.0,1
6.1.1,2019-06-24 08:03:26,1,,1
6.1.1,2019-06-24 08:03:26,2,,2
6.1.1,2019-06-24 08:03:26,3,,76
6.1.1,2019-06-24 08:03:26,4,1.0,76
6.1.1,2019-06-24 08:03:26,5,17.0,77
6.1.1,2019-06-24 08:03:26,6,,76
6.1.1,2019-06-24 08:03:26,7,20.0,77
6.1.1,2019-06-24 08:03:26,8,210.0,90
6.1.1,2019-06-24 08:03:26,9,765.0,149
6.1.1,2019-06-24 08:03:26,10,1608.0,216
6.1.1,2019-06-24 08:03:26,11,632.0,113
6.1.1,2019-06-24 08:03:26,12,97.0,19
6.1.1,2019-06-24 08:03:26,13,1.0,1
6.1.2,2019-07-07 22:14:01,1,,1
6.1.2,2019-07-07 22:14:01,2,,2
6.1.2,2019-07-07 22:14:01,3,,78
6.1.2,2019-07-07 22:14:01,4,1.0,78
6.1.2,2019-07-07 22:14:01,5,17.0,79
6.1.2,2019-07-07 22:14:01,6,,78
6.1.2,2019-07-07 22:14:01,7,20.0,79
6.1.2,2019-07-07 22:14:01,8,212.0,92
6.1.2,2019-07-07 22:14:01,9,768.0,151
6.1.2,2019-07-07 22:14:01,10,1627.0,219
6.1.2,2019-07-07 22:14:01,11,642.0,116
6.1.2,2019-07-07 22:14:01,12,100.0,20
6.1.2,2019-07-07 22:14:01,13,1.0,1
6.1.3,2019-07-21 22:10:41,1,,1
6.1.3,2019-07-21 22:10:41,2,,2
6.1.3,2019-07-21 22:10:41,3,,80
6.1.3,2019-07-21 22:10:41,4,1.0,80
6.1.3,2019-07-21 22:10:41,5,17.0,81
6.1.3,2019-07-21 22:10:41,6,,80
6.1.3,2019-07-21 22:10:41,7,20.0,81
6.1.3,2019-07-21 22:10:41,8,217.0,94
6.1.3,2019-07-21 22:10:41,9,793.0,155
6.1.3,2019-07-21 22:10:41,10,1620.0,219
6.1.3,2019-07-21 22:10:41,11,665.0,121
6.1.3,2019-07-21 22:10:41,12,107.0,22
6.1.3,2019-07-21 22:10:41,13,1.0,1
6.1.4,2019-08-04 18:40:08,1,,1
6.1.4,2019-08-04 18:40:08,2,,2
6.1.4,2019-08-04 18:40:08,3,,80
6.1.4,2019-08-04 18:40:08,4,1.0,80
6.1.4,2019-08-04 18:40:08,5,17.0,81
6.1.4,2019-08-04 18:40:08,6,,80
6.1.4,2019-08-04 18:40:08,7,20.0,81
6.1.4,2019-08-04 18:40:08,8,217.0,94
6.1.4,2019-08-04 18:40:08,9,795.0,155
6.1.4,2019-08-04 18:40:08,10,1622.0,219
6.1.4,2019-08-04 18:40:08,11,665.0,121
6.1.4,2019-08-04 18:40:08,12,107.0,22
6.1.4,2019-08-04 18:40:08,13,1.0,1
6.1.5,2019-08-18 18:11:10,1,,1
6.1.5,2019-08-18 18:11:10,2,,2
6.1.5,2019-08-18 18:11:10,3,,80
6.1.5,2019-08-18 18:11:10,4,1.0,80
6.1.5,2019-08-18 18:11:10,5,17.0,81
6.1.5,2019-08-18 18:11:10,6,,80
6.1.5,2019-08-18 18:11:10,7,20.0,81
6.1.5,2019-08-18 18:11:10,8,219.0,94
6.1.5,2019-08-18 18:11:10,9,794.0,155
6.1.5,2019-08-18 18:11:10,10,1591.0,215
6.1.5,2019-08-18 18:11:10,11,711.0,127
6.1.5,2019-08-18 18:11:10,12,107.0,22
6.1.5,2019-08-18 18:11:10,13,1.0,1
6.2.0,2019-09-08 15:47:17,1,,1
6.2.0,2019-09-08 15:47:17,2,,2
6.2.0,2019-09-08 15:47:17,3,,83
6.2.0,2019-09-08 15:47:17,4,1.0,83
6.2.0,2019-09-08 15:47:17,5,17.0,84
6.2.0,2019-09-08 15:47:17,6,,83
6.2.0,2019-09-08 15:47:17,7,20.0,84
6.2.0,2019-09-08 15:47:17,8,221.0,97
6.2.0,2019-09-08 15:47:17,9,794.0,159
6.2.0,2019-09-08 15:47:17,10,1566.0,213
6.2.0,2019-09-08 15:47:17,11,719.0,132
6.2.0,2019-09-08 15:47:17,12,116.0,24
6.2.0,2019-09-08 15:47:17,13,1.0,1
6.2.1,2019-09-22 21:21:48,1,,1
6.2.1,2019-09-22 21:21:48,2,,2
6.2.1,2019-09-22 21:21:48,3,,84
6.2.1,2019-09-22 21:21:48,4,1.0,84
6.2.1,2019-09-22 21:21:48,5,17.0,85
6.2.1,2019-09-22 21:21:48,6,,84
6.2.1,2019-09-22 21:21:48,7,20.0,85
6.2.1,2019-09-22 21:21:48,8,222.0,98
6.2.1,2019-09-22 21:21:48,9,822.0,164
6.2.1,2019-09-22 21:21:48,10,1592.0,218
6.2.1,2019-09-22 21:21:48,11,731.0,135
6.2.1,2019-09-22 21:21:48,12,116.0,24
6.2.1,2019-09-22 21:21:48,13,1.0,1
6.2.2,2019-10-06 21:21:08,1,,1
6.2.2,2019-10-06 21:21:08,2,,2
6.2.2,2019-10-06 21:21:08,3,,84
6.2.2,2019-10-06 21:21:08,4,1.0,84
6.2.2,2019-10-06 21:21:08,5,17.0,85
6.2.2,2019-10-06 21:21:08,6,,84
6.2.2,2019-10-06 21:21:08,7,20.0,85
6.2.2,2019-10-06 21:21:08,8,223.0,98
6.2.2,2019-10-06 21:21:08,9,826.0,164
6.2.2,2019-10-06 21:21:08,10,1597.0,219
6.2.2,2019-10-06 21:21:08,11,731.0,135
6.2.2,2019-10-06 21:21:08,12,116.0,24
6.2.2,2019-10-06 21:21:08,13,1.0,1
6.2.3,2019-10-20 20:28:57,1,,1
6.2.3,2019-10-20 20:28:57,2,,2
6.2.3,2019-10-20 20:28:57,3,,84
6.2.3,2019-10-20 20:28:57,4,1.0,84
6.2.3,2019-10-20 20:28:57,5,17.0,85
6.2.3,2019-10-20 20:28:57,6,,84
6.2.3,2019-10-20 20:28:57,7,20.0,85
6.2.3,2019-10-20 20:28:57,8,224.0,98
6.2.3,2019-10-20 20:28:57,9,831.0,164
6.2.3,2019-10-20 20:28:57,10,1599.0,219
6.2.3,2019-10-20 20:28:57,11,736.0,136
6.2.3,2019-10-20 20:28:57,12,116.0,24
6.2.3,2019-10-20 20:28:57,13,1.0,1
6.2.4,2019-11-02 16:23:58,1,,1
6.2.4,2019-11-02 16:23:58,2,,2
6.2.4,2019-11-02 16:23:58,3,,84
6.2.4,2019-11-02 16:23:58,4,1.0,84
6.2.4,2019-11-02 16:23:58,5,17.0,85
6.2.4,2019-11-02 16:23:58,6,,84
6.2.4,2019-11-02 16:23:58,7,20.0,85
6.2.4,2019-11-02 16:23:58,8,224.0,98
6.2.4,2019-11-02 16:23:58,9,832.0,164
6.2.4,2019-11-02 16:23:58,10,1599.0,219
6.2.4,2019-11-02 16:23:58,11,736.0,136
6.2.4,2019-11-02 16:23:58,12,116.0,24
6.2.4,2019-11-02 16:23:58,13,1.0,1
6.2.5,2019-11-17 17:43:02,1,,1
6.2.5,2019-11-17 17:43:02,2,,2
6.2.5,2019-11-17 17:43:02,3,,84
6.2.5,2019-11-17 17:43:02,4,1.0,84
6.2.5,2019-11-17 17:43:02,5,17.0,85
6.2.5,2019-11-17 17:43:02,6,,84
6.2.5,2019-11-17 17:43:02,7,20.0,85
6.2.5,2019-11-17 17:43:02,8,227.0,98
6.2.5,2019-11-17 17:43:02,9,834.0,164
6.2.5,2019-11-17 17:43:02,10,1603.0,220
6.2.5,2019-11-17 17:43:02,11,737.0,136
6.2.5,2019-11-17 17:43:02,12,116.0,24
6.2.5,2019-11-17 17:43:02,13,1.0,1
6.3.0,2019-12-01 19:27:18,1,,1
6.3.0,2019-12-01 19:27:18,2,,2
6.3.0,2019-12-01 19:27:18,3,,87
6.3.0,2019-12-01 19:27:18,4,1.0,87
6.3.0,2019-12-01 19:27:18,5,17.0,88
6.3.0,2019-12-01 19:27:18,6,,87
6.3.0,2019-12-01 19:27:18,7,19.0,88
6.3.0,2019-12-01 19:27:18,8,229.0,104
6.3.0,2019-12-01 19:27:18,9,834.0,167
6.3.0,2019-12-01 19:27:18,10,1625.0,222
6.3.0,2019-12-01 19:27:18,11,736.0,139
6.3.0,2019-12-01 19:27:18,12,116.0,24
6.3.0,2019-12-01 19:27:18,13,1.0,1
6.3.1,2019-12-21 12:48:59,1,,1
6.3.1,2019-12-21 12:48:59,2,,2
6.3.1,2019-12-21 12:48:59,3,,87
6.3.1,2019-12-21 12:48:59,4,1.0,87
6.3.1,2019-12-21 12:48:59,5,17.0,88
6.3.1,2019-12-21 12:48:59,6,,87
6.3.1,2019-12-21 12:48:59,7,19.0,88
6.3.1,2019-12-21 12:48:59,8,229.0,104
6.3.1,2019-12-21 12:48:59,9,843.0,167
6.3.1,2019-12-21 12:48:59,10,1647.0,224
6.3.1,2019-12-21 12:48:59,11,745.0,141
6.3.1,2019-12-21 12:48:59,12,122.0,25
6.3.1,2019-12-21 12:48:59,13,1.0,1
6.3.2,2020-01-05 20:04:39,1,,1
6.3.2,2020-01-05 20:04:39,2,,2
6.3.2,2020-01-05 20:04:39,3,,88
6.3.2,2020-01-05 20:04:39,4,1.0,88
6.3.2,2020-01-05 20:04:39,5,17.0,89
6.3.2,2020-01-05 20:04:39,6,,88
6.3.2,2020-01-05 20:04:39,7,20.0,89
6.3.2,2020-01-05 20:04:39,8,230.0,104
6.3.2,2020-01-05 20:04:39,9,843.0,167
6.3.2,2020-01-05 20:04:39,10,1682.0,229
6.3.2,2020-01-05 20:04:39,11,767.0,143
6.3.2,2020-01-05 20:04:39,12,103.0,23
6.3.2,2020-01-05 20:04:39,13,1.0,1
6.3.3,2020-01-19 15:50:15,1,,1
6.3.3,2020-01-19 15:50:15,2,,2
6.3.3,2020-01-19 15:50:15,3,,89
6.3.3,2020-01-19 15:50:15,4,1.0,89
6.3.3,2020-01-19 15:50:15,5,17.0,90
6.3.3,2020-01-19 15:50:15,6,,89
6.3.3,2020-01-19 15:50:15,7,21.0,90
6.3.3,2020-01-19 15:50:15,8,230.0,105
6.3.3,2020-01-19 15:50:15,9,849.0,170
6.3.3,2020-01-19 15:50:15,10,1692.0,232
6.3.3,2020-01-19 15:50:15,11,771.0,145
6.3.3,2020-01-19 15:50:15,12,103.0,23
6.3.3,2020-01-19 15:50:15,13,1.0,1
6.3.4,2020-02-01 16:57:34,1,,1
6.3.4,2020-02-01 16:57:34,2,,2
6.3.4,2020-02-01 16:57:34,3,,89
6.3.4,2020-02-01 16:57:34,4,1.0,89
6.3.4,2020-02-01 16:57:34,5,17.0,90
6.3.4,2020-02-01 16:57:34,6,,89
6.3.4,2020-02-01 16:57:34,7,21.0,90
6.3.4,2020-02-01 16:57:34,8,231.0,105
6.3.4,2020-02-01 16:57:34,9,857.0,170
6.3.4,2020-02-01 16:57:34,10,1694.0,232
6.3.4,2020-02-01 16:57:34,11,774.0,145
6.3.4,2020-02-01 16:57:34,12,103.0,23
6.3.4,2020-02-01 16:57:34,13,1.0,1
6.3.5,2020-02-15 13:27:42,1,,1
6.3.5,2020-02-15 13:27:42,2,,2
6.3.5,2020-02-15 13:27:42,3,,89
6.3.5,2020-02-15 13:27:42,4,1.0,89
6.3.5,2020-02-15 13:27:42,5,17.0,90
6.3.5,2020-02-15 13:27:42,6,,89
6.3.5,2020-02-15 13:27:42,7,21.0,90
6.3.5,2020-02-15 13:27:42,8,231.0,105
6.3.5,2020-02-15 13:27:42,9,865.0,171
6.3.5,2020-02-15 13:27:42,10,1700.0,233
6.3.5,2020-02-15 13:27:42,11,806.0,149
6.3.5,2020-02-15 13:27:42,12,103.0,23
6.3.5,2020-02-15 13:27:42,13,1.0,1
7.0.0,2020-02-29 19:02:37,1,,1
7.0.0,2020-02-29 19:02:37,2,,2
7.0.0,2020-02-29 19:02:37,3,,89
7.0.0,2020-02-29 19:02:37,4,1.0,89
7.0.0,2020-02-29 19:02:37,5,17.0,90
7.0.0,2020-02-29 19:02:37,6,,89
7.0.0,2020-02-29 19:02:37,7,21.0,90
7.0.0,2020-02-29 19:02:37,8,232.0,105
7.0.0,2020-02-29 19:02:37,9,864.0,171
7.0.0,2020-02-29 19:02:37,10,1707.0,234
7.0.0,2020-02-29 19:02:37,11,808.0,149
7.0.0,2020-02-29 19:02:37,12,103.0,23
7.0.0,2020-02-29 19:02:37,13,1.0,1
7.0.1,2020-03-21 14:16:40,1,,1
7.0.1,2020-03-21 14:16:40,2,,2
7.0.1,2020-03-21 14:16:40,3,,89
7.0.1,2020-03-21 14:16:40,4,1.0,89
7.0.1,2020-03-21 14:16:40,5,17.0,90
7.0.1,2020-03-21 14:16:40,6,,89
7.0.1,2020-03-21 14:16:40,7,21.0,90
7.0.1,2020-03-21 14:16:40,8,234.0,105
7.0.1,2020-03-21 14:16:40,9,869.0,172
7.0.1,2020-03-21 14:16:40,10,1713.0,235
7.0.1,2020-03-21 14:16:40,11,809.0,149
7.0.1,2020-03-21 14:16:40,12,103.0,23
7.0.1,2020-03-21 14:16:40,13,1.0,1
7.0.2,2020-04-05 17:09:00,1,,1
7.0.2,2020-04-05 17:09:00,2,,2
7.0.2,2020-04-05 17:09:00,3,,90
7.0.2,2020-04-05 17:09:00,4,1.0,90
7.0.2,2020-04-05 17:09:00,5,17.0,91
7.0.2,2020-04-05 17:09:00,6,,90
7.0.2,2020-04-05 17:09:00,7,21.0,91
7.0.2,2020-04-05 17:09:00,8,236.0,105
7.0.2,2020-04-05 17:09:00,9,862.0,175
7.0.2,2020-04-05 17:09:00,10,1724.0,234
7.0.2,2020-04-05 17:09:00,11,830.0,156
7.0.2,2020-04-05 17:09:00,12,103.0,23
7.0.2,2020-04-05 17:09:00,13,1.0,1
7.0.3,2020-04-18 14:02:47,1,,1
7.0.3,2020-04-18 14:02:47,2,,2
7.0.3,2020-04-18 14:02:47,3,,90
7.0.3,2020-04-18 14:02:47,4,1.0,90
7.0.3,2020-04-18 14:02:47,5,17.0,91
7.0.3,2020-04-18 14:02:47,6,,90
7.0.3,2020-04-18 14:02:47,7,21.0,91
7.0.3,2020-04-18 14:02:47,8,236.0,105
7.0.3,2020-04-18 14:02:47,9,862.0,175
7.0.3,2020-04-18 14:02:47,10,1728.0,234
7.0.3,2020-04-18 14:02:47,11,830.0,156
7.0.3,2020-04-18 14:02:47,12,103.0,23
7.0.3,2020-04-18 14:02:47,13,1.0,1
7.0.4,2020-04-29 22:08:50,1,,1
7.0.4,2020-04-29 22:08:50,2,,2
7.0.4,2020-04-29 22:08:50,3,,96
7.0.4,2020-04-29 22:08:50,4,1.0,96
7.0.4,2020-04-29 22:08:50,5,17.0,97
7.0.4,2020-04-29 22:08:50,6,,96
7.0.4,2020-04-29 22:08:50,7,21.0,97
7.0.4,2020-04-29 22:08:50,8,236.0,111
7.0.4,2020-04-29 22:08:50,9,858.0,181
7.0.4,2020-04-29 22:08:50,10,1727.0,233
7.0.4,2020-04-29 22:08:50,11,841.0,170
7.0.4,2020-04-29 22:08:50,12,115.0,25
7.0.4,2020-04-29 22:08:50,13,1.0,1
7.0.5,2020-05-15 23:16:05,1,,1
7.0.5,2020-05-15 23:16:05,2,,2
7.0.5,2020-05-15 23:16:05,3,,97
7.0.5,2020-05-15 23:16:05,4,1.0,97
7.0.5,2020-05-15 23:16:05,5,17.0,98
7.0.5,2020-05-15 23:16:05,6,,97
7.0.5,2020-05-15 23:16:05,7,21.0,98
7.0.5,2020-05-15 23:16:05,8,237.0,112
7.0.5,2020-05-15 23:16:05,9,861.0,182
7.0.5,2020-05-15 23:16:05,10,1726.0,233
7.0.5,2020-05-15 23:16:05,11,867.0,174
7.0.5,2020-05-15 23:16:05,12,115.0,25
7.0.5,2020-05-15 23:16:05,13,1.0,1
7.1.0,2020-05-31 19:28:06,1,,1
7.1.0,2020-05-31 19:28:06,2,,2
7.1.0,2020-05-31 19:28:06,3,,98
7.1.0,2020-05-31 19:28:06,4,1.0,98
7.1.0,2020-05-31 19:28:06,5,17.0,99
7.1.0,2020-05-31 19:28:06,6,,98
7.1.0,2020-05-31 19:28:06,7,21.0,99
7.1.0,2020-05-31 19:28:06,8,239.0,114
7.1.0,2020-05-31 19:28:06,9,863.0,183
7.1.0,2020-05-31 19:28:06,10,1741.0,235
7.1.0,2020-05-31 19:28:06,11,868.0,174
7.1.0,2020-05-31 19:28:06,12,115.0,25
7.1.0,2020-05-31 19:28:06,13,1.0,1
7.1.1,2020-06-21 18:35:49,1,,1
7.1.1,2020-06-21 18:35:49,2,,2
7.1.1,2020-06-21 18:35:49,3,,98
7.1.1,2020-06-21 18:35:49,4,1.0,98
7.1.1,2020-06-21 18:35:49,5,17.0,99
7.1.1,2020-06-21 18:35:49,6,,98
7.1.1,2020-06-21 18:35:49,7,21.0,99
7.1.1,2020-06-21 18:35:49,8,242.0,114
7.1.1,2020-06-21 18:35:49,9,868.0,183
7.1.1,2020-06-21 18:35:49,10,1788.0,236
7.1.1,2020-06-21 18:35:49,11,867.0,174
7.1.1,2020-06-21 18:35:49,12,114.0,25
7.1.1,2020-06-21 18:35:49,13,1.0,1
7.1.2,2020-07-04 21:39:25,1,,1
7.1.2,2020-07-04 21:39:25,2,,2
7.1.2,2020-07-04 21:39:25,3,,98
7.1.2,2020-07-04 21:39:25,4,1.0,98
7.1.2,2020-07-04 21:39:25,5,17.0,99
7.1.2,2020-07-04 21:39:25,6,,98
7.1.2,2020-07-04 21:39:25,7,21.0,99
7.1.2,2020-07-04 21:39:25,8,242.0,114
7.1.2,2020-07-04 21:39:25,9,868.0,183
7.1.2,2020-07-04 21:39:25,10,1792.0,236
7.1.2,2020-07-04 21:39:25,11,870.0,175
7.1.2,2020-07-04 21:39:25,12,114.0,25
7.1.2,2020-07-04 21:39:25,13,1.0,1
7.1.3,2020-07-17 11:26:00,1,,1
7.1.3,2020-07-17 11:26:00,2,,2
7.1.3,2020-07-17 11:26:00,3,,98
7.1.3,2020-07-17 11:26:00,4,1.0,98
7.1.3,2020-07-17 11:26:00,5,17.0,99
7.1.3,2020-07-17 11:26:00,6,,98
7.1.3,2020-07-17 11:26:00,7,21.0,99
7.1.3,2020-07-17 11:26:00,8,243.0,114
7.1.3,2020-07-17 11:26:00,9,870.0,183
7.1.3,2020-07-17 11:26:00,10,1807.0,237
7.1.3,2020-07-17 11:26:00,11,871.0,175
7.1.3,2020-07-17 11:26:00,12,110.0,25
7.1.3,2020-07-17 11:26:00,13,1.0,1
7.1.4,2020-08-02 17:36:26,1,,1
7.1.4,2020-08-02 17:36:26,2,,2
7.1.4,2020-08-02 17:36:26,3,,98
7.1.4,2020-08-02 17:36:26,4,1.0,98
7.1.4,2020-08-02 17:36:26,5,17.0,99
7.1.4,2020-08-02 17:36:26,6,,98
7.1.4,2020-08-02 17:36:26,7,21.0,99
7.1.4,2020-08-02 17:36:26,8,244.0,114
7.1.4,2020-08-02 17:36:26,9,878.0,183
7.1.4,2020-08-02 17:36:26,10,1813.0,239
7.1.4,2020-08-02 17:36:26,11,876.0,176
7.1.4,2020-08-02 17:36:26,12,111.0,25
7.1.4,2020-08-02 17:36:26,13,1.0,1
7.1.5,2020-08-16 19:58:35,1,,1
7.1.5,2020-08-16 19:58:35,2,,2
7.1.5,2020-08-16 19:58:35,3,,98
7.1.5,2020-08-16 19:58:35,4,1.0,98
7.1.5,2020-08-16 19:58:35,5,17.0,99
7.1.5,2020-08-16 19:58:35,6,,98
7.1.5,2020-08-16 19:58:35,7,21.0,99
7.1.5,2020-08-16 19:58:35,8,245.0,114
7.1.5,2020-08-16 19:58:35,9,883.0,183
7.1.5,2020-08-16 19:58:35,10,1815.0,239
7.1.5,2020-08-16 19:58:35,11,877.0,176
7.1.5,2020-08-16 19:58:35,12,111.0,25
7.1.5,2020-08-16 19:58:35,13,1.0,1
7.2.0,2020-08-30 22:47:10,1,,1
7.2.0,2020-08-30 22:47:10,2,,2
7.2.0,2020-08-30 22:47:10,3,,98
7.2.0,2020-08-30 22:47:10,4,1.0,98
7.2.0,2020-08-30 22:47:10,5,17.0,99
7.2.0,2020-08-30 22:47:10,6,,98
7.2.0,2020-08-30 22:47:10,7,21.0,99
7.2.0,2020-08-30 22:47:10,8,246.0,114
7.2.0,2020-08-30 22:47:10,9,884.0,183
7.2.0,2020-08-30 22:47:10,10,1815.0,239
7.2.0,2020-08-30 22:47:10,11,877.0,176
7.2.0,2020-08-30 22:47:10,12,111.0,25
7.2.0,2020-08-30 22:47:10,13,1.0,1
7.2.1,2020-09-20 21:07:03,1,,1
7.2.1,2020-09-20 21:07:03,2,,2
7.2.1,2020-09-20 21:07:03,3,,99
7.2.1,2020-09-20 21:07:03,4,1.0,99
7.2.1,2020-09-20 21:07:03,5,17.0,100
7.2.1,2020-09-20 21:07:03,6,,99
7.2.1,2020-09-20 21:07:03,7,21.0,100
7.2.1,2020-09-20 21:07:03,8,246.0,115
7.2.1,2020-09-20 21:07:03,9,902.0,184
7.2.1,2020-09-20 21:07:03,10,1813.0,241
7.2.1,2020-09-20 21:07:03,11,877.0,176
7.2.1,2020-09-20 21:07:03,12,111.0,25
7.2.1,2020-09-20 21:07:03,13,1.0,1
7.2.2,2020-10-04 13:00:41,1,,1
7.2.2,2020-10-04 13:00:41,2,,2
7.2.2,2020-10-04 13:00:41,3,,99
7.2.2,2020-10-04 13:00:41,4,1.0,99
7.2.2,2020-10-04 13:00:41,5,17.0,100
7.2.2,2020-10-04 13:00:41,6,,99
7.2.2,2020-10-04 13:00:41,7,21.0,100
7.2.2,2020-10-04 13:00:41,8,247.0,115
7.2.2,2020-10-04 13:00:41,9,903.0,184
7.2.2,2020-10-04 13:00:41,10,1821.0,241
7.2.2,2020-10-04 13:00:41,11,879.0,177
7.2.2,2020-10-04 13:00:41,12,111.0,25
7.2.2,2020-10-04 13:00:41,13,1.0,1
7.2.3,2020-10-17 23:07:33,1,,1
7.2.3,2020-10-17 23:07:33,2,,2
7.2.3,2020-10-17 23:07:33,3,,100
7.2.3,2020-10-17 23:07:33,4,1.0,100
7.2.3,2020-10-17 23:07:33,5,17.0,101
7.2.3,2020-10-17 23:07:33,6,,100
7.2.3,2020-10-17 23:07:33,7,21.0,101
7.2.3,2020-10-17 23:07:33,8,248.0,116
7.2.3,2020-10-17 23:07:33,9,906.0,184
7.2.3,2020-10-17 23:07:33,10,1821.0,241
7.2.3,2020-10-17 23:07:33,11,878.0,177
7.2.3,2020-10-17 23:07:33,12,111.0,25
7.2.3,2020-10-17 23:07:33,13,1.0,1
7.2.4,2020-10-29 09:47:42,1,,1
7.2.4,2020-10-29 09:47:42,2,,2
7.2.4,2020-10-29 09:47:42,3,,99
7.2.4,2020-10-29 09:47:42,4,1.0,99
7.2.4,2020-10-29 09:47:42,5,17.0,100
7.2.4,2020-10-29 09:47:42,6,,99
7.2.4,2020-10-29 09:47:42,7,21.0,100
7.2.4,2020-10-29 09:47:42,8,253.0,115
7.2.4,2020-10-29 09:47:42,9,909.0,184
7.2.4,2020-10-29 09:47:42,10,1828.0,241
7.2.4,2020-10-29 09:47:42,11,880.0,177
7.2.4,2020-10-29 09:47:42,12,111.0,25
7.2.4,2020-10-29 09:47:42,13,1.0,1
7.2.5,2020-11-14 19:05:48,1,,1
7.2.5,2020-11-14 19:05:48,2,,2
7.2.5,2020-11-14 19:05:48,3,,99
7.2.5,2020-11-14 19:05:48,4,1.0,99
7.2.5,2020-11-14 19:05:48,5,17.0,100
7.2.5,2020-11-14 19:05:48,6,,99
7.2.5,2020-11-14 19:05:48,7,21.0,100
7.2.5,2020-11-14 19:05:48,8,254.0,115
7.2.5,2020-11-14 19:05:48,9,910.0,184
7.2.5,2020-11-14 19:05:48,10,1833.0,241
7.2.5,2020-11-14 19:05:48,11,887.0,177
7.2.5,2020-11-14 19:05:48,12,111.0,25
7.2.5,2020-11-14 19:05:48,13,1.0,1
7.3.0,2020-11-29 21:48:17,1,,1
7.3.0,2020-11-29 21:48:17,2,,2
7.3.0,2020-11-29 21:48:17,3,,99
7.3.0,2020-11-29 21:48:17,4,1.0,99
7.3.0,2020-11-29 21:48:17,5,17.0,100
7.3.0,2020-11-29 21:48:17,6,,99
7.3.0,2020-11-29 21:48:17,7,21.0,100
7.3.0,2020-11-29 21:48:17,8,255.0,115
7.3.0,2020-11-29 21:48:17,9,911.0,184
7.3.0,2020-11-29 21:48:17,10,1834.0,241
7.3.0,2020-11-29 21:48:17,11,887.0,177
7.3.0,2020-11-29 21:48:17,12,111.0,25
7.3.0,2020-11-29 21:48:17,13,1.0,1
7.3.1,2020-12-20 17:16:02,1,,1
7.3.1,2020-12-20 17:16:02,2,,2
7.3.1,2020-12-20 17:16:02,3,,100
7.3.1,2020-12-20 17:16:02,4,1.0,100
7.3.1,2020-12-20 17:16:02,5,17.0,101
7.3.1,2020-12-20 17:16:02,6,,100
7.3.1,2020-12-20 17:16:02,7,21.0,101
7.3.1,2020-12-20 17:16:02,8,262.0,116
7.3.1,2020-12-20 17:16:02,9,914.0,184
7.3.1,2020-12-20 17:16:02,10,1845.0,240
7.3.1,2020-12-20 17:16:02,11,893.0,178
7.3.1,2020-12-20 17:16:02,12,112.0,25
7.3.1,2020-12-20 17:16:02,13,1.0,1
7.3.2,2021-01-03 16:00:58,1,,1
7.3.2,2021-01-03 16:00:58,2,,2
7.3.2,2021-01-03 16:00:58,3,,101
7.3.2,2021-01-03 16:00:58,4,1.0,101
7.3.2,2021-01-03 16:00:58,5,17.0,102
7.3.2,2021-01-03 16:00:58,6,,101
7.3.2,2021-01-03 16:00:58,7,21.0,102
7.3.2,2021-01-03 16:00:58,8,263.0,117
7.3.2,2021-01-03 16:00:58,9,914.0,185
7.3.2,2021-01-03 16:00:58,10,1846.0,241
7.3.2,2021-01-03 16:00:58,11,898.0,181
7.3.2,2021-01-03 16:00:58,12,112.0,25
7.3.2,2021-01-03 16:00:58,13,1.0,1
7.3.3,2021-01-14 14:42:59,1,,1
7.3.3,2021-01-14 14:42:59,2,,2
7.3.3,2021-01-14 14:42:59,3,,101
7.3.3,2021-01-14 14:42:59,4,1.0,101
7.3.3,2021-01-14 14:42:59,5,17.0,102
7.3.3,2021-01-14 14:42:59,6,,101
7.3.3,2021-01-14 14:42:59,7,21.0,102
7.3.3,2021-01-14 14:42:59,8,264.0,117
7.3.3,2021-01-14 14:42:59,9,914.0,185
7.3.3,2021-01-14 14:42:59,10,1850.0,242
7.3.3,2021-01-14 14:42:59,11,898.0,181
7.3.3,2021-01-14 14:42:59,12,112.0,25
7.3.3,2021-01-14 14:42:59,13,1.0,1
7.3.4,2021-01-29 15:11:13,1,,1
7.3.4,2021-01-29 15:11:13,2,,2
7.3.4,2021-01-29 15:11:13,3,,101
7.3.4,2021-01-29 15:11:13,4,1.0,101
7.3.4,2021-01-29 15:11:13,5,17.0,102
7.3.4,2021-01-29 15:11:13,6,,101
7.3.4,2021-01-29 15:11:13,7,21.0,102
7.3.4,2021-01-29 15:11:13,8,264.0,117
7.3.4,2021-01-29 15:11:13,9,919.0,185
7.3.4,2021-01-29 15:11:13,10,1852.0,242
7.3.4,2021-01-29 15:11:13,11,901.0,181
7.3.4,2021-01-29 15:11:13,12,112.0,25
7.3.4,2021-01-29 15:11:13,13,1.0,1
7.3.5,2021-02-13 16:16:24,1,,1
7.3.5,2021-02-13 16:16:24,2,,2
7.3.5,2021-02-13 16:16:24,3,,101
7.3.5,2021-02-13 16:16:24,4,1.0,101
7.3.5,2021-02-13 16:16:24,5,17.0,102
7.3.5,2021-02-13 16:16:24,6,,101
7.3.5,2021-02-13 16:16:24,7,21.0,102
7.3.5,2021-02-13 16:16:24,8,264.0,117
7.3.5,2021-02-13 16:16:24,9,919.0,185
7.3.5,2021-02-13 16:16:24,10,1857.0,242
7.3.5,2021-02-13 16:16:24,11,903.0,181
7.3.5,2021-02-13 16:16:24,12,112.0,25
7.3.5,2021-02-13 16:16:24,13,1.0,1
