release,mtime,release_size_bytes,num_files,max_file_size_bytes,avg_file_size_bytes,num_folders,num_source_folders,max_source_folder_size_num_files,avg_source_folder_size_num_files,avg_source_folder_size_bytes,max_tree_level,max_num_files_level,avg_num_files_level,max_num_folders_level,avg_num_folders_level,growth_size_bytes,growth_size_bytes_pct,growth_num_files,growth_num_files_pct,growth_num_source_folders,growth_num_source_folders_pct,growth_avg_source_folder_size_num_files_pct,growth_avg_source_folder_size_bytes,growth_avg_source_folder_size_bytes_pct,growth_max_tree_level,growth_max_tree_level_pct,growth_max_num_files_level,growth_max_num_files_level_pct,growth_avg_num_files_level_pct,growth_tree_width_pct
0.9.33,2013-05-31 05:37:15,17917199,1365,705779,13126.15,177,175,59.0,7.8,102384.0,7,587,195.0,98,25.29,,,,,,,,,,,,,,,
0.9.34,2013-06-07 05:21:42,17941513,1365,705779,13143.97,177,175,59.0,7.8,102523.0,7,587,195.0,98,25.29,24314.0,0.14,0.0,0.0,0.0,0.0,0.0,139.0,0.14,0.0,0.0,0.0,0.0,0.0,0.0
0.9.35,2013-06-14 04:43:40,17988202,1370,705779,13130.07,177,175,59.0,7.83,102790.0,7,591,195.71,98,25.29,46689.0,0.26,5.0,0.37,0.0,0.0,0.38,267.0,0.26,0.0,0.0,4.0,0.68,0.36,0.36
0.9.36,2013-06-21 05:41:09,17998919,1372,705779,13118.75,177,175,59.0,7.84,102851.0,7,593,196.0,98,25.29,10717.0,0.06,2.0,0.15,0.0,0.0,0.13,61.0,0.06,0.0,0.0,2.0,0.34,0.15,0.15
0.9.37,2013-06-28 05:20:14,18022548,1373,705779,13126.4,177,175,59.0,7.85,102986.0,7,593,196.14,98,25.29,23629.0,0.13,1.0,0.07,0.0,0.0,0.13,135.0,0.13,0.0,0.0,0.0,0.0,0.07,0.07
0.9.38,2013-07-05 04:57:29,18047000,1375,705779,13125.09,177,175,59.0,7.86,103126.0,7,594,196.43,98,25.29,24452.0,0.14,2.0,0.15,0.0,0.0,0.13,140.0,0.14,0.0,0.0,1.0,0.17,0.15,0.15
0.9.39,2013-07-12 04:46:55,18083787,1378,705779,13123.21,177,175,59.0,7.87,103336.0,7,596,196.86,98,25.29,36787.0,0.2,3.0,0.22,0.0,0.0,0.13,210.0,0.2,0.0,0.0,2.0,0.34,0.22,0.22
0.9.40,2013-07-19 05:59:26,18165567,1378,705779,13182.56,177,175,59.0,7.87,103803.0,7,596,196.86,98,25.29,81780.0,0.45,0.0,0.0,0.0,0.0,0.0,467.0,0.45,0.0,0.0,0.0,0.0,0.0,0.0
0.9.41,2013-07-27 05:15:40,18233241,1379,705779,13222.07,177,175,59.0,7.88,104190.0,7,596,197.0,98,25.29,67674.0,0.37,1.0,0.07,0.0,0.0,0.13,387.0,0.37,0.0,0.0,0.0,0.0,0.07,0.07
0.9.42,2013-08-02 04:08:20,18255624,1381,705779,13219.13,177,175,59.0,7.89,104318.0,7,596,197.29,98,25.29,22383.0,0.12,2.0,0.15,0.0,0.0,0.13,128.0,0.12,0.0,0.0,0.0,0.0,0.15,0.15
0.9.43,2013-08-09 04:47:49,18318001,1386,705779,13216.45,177,175,59.0,7.92,104674.0,7,598,198.0,98,25.29,62377.0,0.34,5.0,0.36,0.0,0.0,0.38,356.0,0.34,0.0,0.0,2.0,0.34,0.36,0.36
0.9.44,2013-08-16 06:18:12,18360236,1388,705796,13227.84,177,175,59.0,7.93,104916.0,7,599,198.29,98,25.29,42235.0,0.23,2.0,0.14,0.0,0.0,0.13,242.0,0.23,0.0,0.0,1.0,0.17,0.15,0.15
1.0.0,2013-08-23 05:29:07,18372486,1391,705796,13208.11,178,176,59.0,7.9,104389.0,7,600,198.71,98,25.43,12250.0,0.07,3.0,0.22,1.0,0.57,-0.38,-527.0,-0.5,0.0,0.0,1.0,0.17,0.21,0.21
1.1.0,2013-08-30 05:21:38,18472499,1392,705796,13270.47,178,176,59.0,7.91,104957.0,7,600,198.86,98,25.43,100013.0,0.54,1.0,0.07,0.0,0.0,0.13,568.0,0.54,0.0,0.0,0.0,0.0,0.08,0.08
1.2.0,2013-09-06 06:28:39,18487321,1392,705796,13281.12,178,176,59.0,7.91,105042.0,7,600,198.86,98,25.43,14822.0,0.08,0.0,0.0,0.0,0.0,0.0,85.0,0.08,0.0,0.0,0.0,0.0,0.0,0.0
1.3.0,2013-09-13 04:43:22,18498032,1392,705796,13288.82,178,176,59.0,7.91,105102.0,7,600,198.86,98,25.43,10711.0,0.06,0.0,0.0,0.0,0.0,0.0,60.0,0.06,0.0,0.0,0.0,0.0,0.0,0.0
1.4.0,2013-09-20 05:29:23,18524734,1391,705796,13317.57,178,176,59.0,7.9,105254.0,7,601,198.71,98,25.43,26702.0,0.14,-1.0,-0.07,0.0,0.0,-0.13,152.0,0.14,0.0,0.0,1.0,0.17,-0.08,-0.08
1.5.0,2013-09-26 05:37:27,18577971,1397,705796,13298.48,177,175,59.0,7.98,106160.0,7,603,199.57,98,25.29,53237.0,0.29,6.0,0.43,-1.0,-0.57,1.01,906.0,0.86,0.0,0.0,2.0,0.33,0.43,0.43
1.6.0,2013-10-11 06:34:59,18629874,1405,705796,13259.7,178,176,59.0,7.98,105852.0,7,610,200.71,99,25.43,51903.0,0.28,8.0,0.57,1.0,0.57,0.0,-308.0,-0.29,0.0,0.0,7.0,1.16,0.57,0.57
1.7.0,2013-10-18 08:17:27,18665200,1408,705796,13256.53,178,176,59.0,8.0,106052.0,7,613,201.14,99,25.43,35326.0,0.19,3.0,0.21,0.0,0.0,0.25,200.0,0.19,0.0,0.0,3.0,0.49,0.21,0.21
1.8.0,2013-10-25 05:31:29,18677910,1409,705796,13256.15,180,179,59.0,7.87,104346.0,7,613,201.29,99,25.71,12710.0,0.07,1.0,0.07,3.0,1.7,-1.62,-1706.0,-1.61,0.0,0.0,0.0,0.0,0.07,0.07
1.9.0,2013-11-01 05:23:56,18745488,1417,705796,13229.0,182,181,59.0,7.83,103566.0,7,614,202.43,99,26.0,67578.0,0.36,8.0,0.57,2.0,1.12,-0.51,-780.0,-0.75,0.0,0.0,1.0,0.16,0.57,0.57
1.10.0,2013-11-08 04:44:31,18781100,1420,705796,13226.13,182,181,59.0,7.85,103763.0,7,616,202.86,99,26.0,35612.0,0.19,3.0,0.21,0.0,0.0,0.26,197.0,0.19,0.0,0.0,2.0,0.33,0.21,0.21
1.11.0,2013-11-15 04:51:25,20174232,1429,705796,14117.73,183,182,59.0,7.85,110847.0,7,618,204.14,99,26.14,1393132.0,7.42,9.0,0.63,1.0,0.55,0.0,7084.0,6.83,0.0,0.0,2.0,0.32,0.63,0.63
1.12.0,2013-11-22 05:06:25,20205759,1431,705796,14120.03,183,182,59.0,7.86,111021.0,7,619,204.43,99,26.14,31527.0,0.16,2.0,0.14,0.0,0.0,0.13,174.0,0.16,0.0,0.0,1.0,0.16,0.14,0.14
1.13.0,2013-11-29 04:08:39,20245508,1433,705796,14128.06,183,182,59.0,7.87,111239.0,7,620,204.71,99,26.14,39749.0,0.2,2.0,0.14,0.0,0.0,0.13,218.0,0.2,0.0,0.0,1.0,0.16,0.14,0.14
1.14.0,2013-12-06 05:13:34,20335859,1437,705796,14151.61,183,182,59.0,7.9,111735.0,7,622,205.29,99,26.14,90351.0,0.45,4.0,0.28,0.0,0.0,0.38,496.0,0.45,0.0,0.0,2.0,0.32,0.28,0.28
1.15.0,2013-12-13 03:47:23,20397777,1447,705796,14096.6,184,183,59.0,7.91,111463.0,7,623,206.71,99,26.29,61918.0,0.3,10.0,0.7,1.0,0.55,0.13,-272.0,-0.24,0.0,0.0,1.0,0.16,0.69,0.69
1.16.0,2013-12-20 04:30:30,20431598,1449,705796,14100.48,184,183,59.0,7.92,111648.0,7,623,207.0,99,26.29,33821.0,0.17,2.0,0.14,0.0,0.0,0.13,185.0,0.17,0.0,0.0,0.0,0.0,0.14,0.14
1.17.0,2013-12-25 04:34:37,20457358,1453,705796,14079.39,186,185,59.0,7.85,110580.0,7,625,207.57,100,26.57,25760.0,0.13,4.0,0.28,2.0,1.09,-0.88,-1068.0,-0.96,0.0,0.0,2.0,0.32,0.28,0.28
1.18.0,2014-01-03 04:49:08,20491512,1454,705796,14093.2,186,185,59.0,7.86,110765.0,7,626,207.71,100,26.57,34154.0,0.17,1.0,0.07,0.0,0.0,0.13,185.0,0.17,0.0,0.0,1.0,0.16,0.07,0.07
1.19.0,2014-01-10 05:08:21,20529363,1455,705796,14109.53,186,185,59.0,7.86,110970.0,7,627,207.86,100,26.57,37851.0,0.18,1.0,0.07,0.0,0.0,0.0,205.0,0.19,0.0,0.0,1.0,0.16,0.07,0.07
1.20.0,2014-01-17 04:49:16,20596327,1459,705796,14116.74,187,186,59.0,7.84,110733.0,7,630,208.43,101,26.71,66964.0,0.33,4.0,0.27,1.0,0.54,-0.25,-237.0,-0.21,0.0,0.0,3.0,0.48,0.27,0.27
1.21.0,2014-01-24 05:56:21,20638078,1461,705796,14125.99,187,186,59.0,7.85,110957.0,7,631,208.71,101,26.71,41751.0,0.2,2.0,0.14,0.0,0.0,0.13,224.0,0.2,0.0,0.0,1.0,0.16,0.13,0.13
1.22.0,2014-01-31 05:41:54,20688332,1462,705796,14150.71,187,186,59.0,7.86,111228.0,7,628,208.86,100,26.71,50254.0,0.24,1.0,0.07,0.0,0.0,0.13,271.0,0.24,0.0,0.0,-3.0,-0.48,0.07,0.07
1.23.0,2014-02-07 04:19:59,20719531,1465,705796,14143.02,188,187,59.0,7.83,110800.0,7,628,209.29,100,26.86,31199.0,0.15,3.0,0.21,1.0,0.54,-0.38,-428.0,-0.38,0.0,0.0,0.0,0.0,0.21,0.21
1.24.0,2014-02-14 04:27:05,20749431,1466,705796,14153.77,188,187,59.0,7.84,110960.0,7,629,209.43,100,26.86,29900.0,0.14,1.0,0.07,0.0,0.0,0.13,160.0,0.14,0.0,0.0,1.0,0.16,0.07,0.07
1.25.0,2014-02-21 04:41:02,20782268,1466,705796,14176.17,188,187,59.0,7.84,111135.0,7,630,209.43,100,26.86,32837.0,0.16,0.0,0.0,0.0,0.0,0.0,175.0,0.16,0.0,0.0,1.0,0.16,0.0,0.0
1.26.0,2014-02-28 04:06:35,20833194,1468,705796,14191.55,188,187,59.0,7.85,111407.0,7,630,209.71,100,26.86,50926.0,0.25,2.0,0.14,0.0,0.0,0.13,272.0,0.24,0.0,0.0,0.0,0.0,0.13,0.13
1.27.0,2014-03-07 05:26:07,20905539,1473,705796,14192.49,188,187,59.0,7.88,111794.0,7,633,210.43,100,26.86,72345.0,0.35,5.0,0.34,0.0,0.0,0.38,387.0,0.35,0.0,0.0,3.0,0.48,0.34,0.34
1.28.0,2014-03-14 05:21:05,20950913,1474,705796,14213.65,188,187,61.0,7.88,112037.0,7,630,210.57,100,26.86,45374.0,0.22,1.0,0.07,0.0,0.0,0.0,243.0,0.22,0.0,0.0,-3.0,-0.47,0.07,0.07
1.29.0,2014-03-21 05:36:50,20970365,1474,705796,14226.84,188,187,60.0,7.88,112141.0,7,630,210.57,100,26.86,19452.0,0.09,0.0,0.0,0.0,0.0,0.0,104.0,0.09,0.0,0.0,0.0,0.0,0.0,0.0
1.30.0,2014-03-28 06:30:33,20984450,1475,705796,14226.75,188,187,60.0,7.89,112216.0,7,630,210.71,100,26.86,14085.0,0.07,1.0,0.07,0.0,0.0,0.13,75.0,0.07,0.0,0.0,0.0,0.0,0.07,0.07
1.31.0,2014-04-04 04:33:40,21002829,1477,705796,14219.92,188,187,60.0,7.9,112315.0,7,631,211.0,100,26.86,18379.0,0.09,2.0,0.14,0.0,0.0,0.13,99.0,0.09,0.0,0.0,1.0,0.16,0.14,0.14
1.32.0,2014-04-11 04:51:32,21223197,1479,705796,14349.69,188,187,60.0,7.91,113493.0,7,632,211.29,100,26.86,220368.0,1.05,2.0,0.14,0.0,0.0,0.13,1178.0,1.05,0.0,0.0,1.0,0.16,0.14,0.14
1.33.0,2014-04-18 07:19:24,21316046,1485,705796,14354.24,189,188,60.0,7.9,113383.0,7,633,212.14,100,27.0,92849.0,0.44,6.0,0.41,1.0,0.53,-0.13,-110.0,-0.1,0.0,0.0,1.0,0.16,0.4,0.4
1.34.0,2014-04-25 04:02:21,21333713,1485,705796,14366.14,189,188,60.0,7.9,113477.0,7,633,212.14,100,27.0,17667.0,0.08,0.0,0.0,0.0,0.0,0.0,94.0,0.08,0.0,0.0,0.0,0.0,0.0,0.0
1.35.0,2014-05-02 06:08:57,21344210,1486,705796,14363.53,189,188,60.0,7.9,113533.0,7,633,212.29,100,27.0,10497.0,0.05,1.0,0.07,0.0,0.0,0.0,56.0,0.05,0.0,0.0,0.0,0.0,0.07,0.07
1.36.0,2014-05-09 04:41:55,21362737,1486,705796,14376.0,189,188,60.0,7.9,113632.0,7,633,212.29,100,27.0,18527.0,0.09,0.0,0.0,0.0,0.0,0.0,99.0,0.09,0.0,0.0,0.0,0.0,0.0,0.0
1.37.0,2014-05-16 04:17:03,21379611,1486,705796,14387.36,189,188,60.0,7.9,113721.0,7,633,212.29,100,27.0,16874.0,0.08,0.0,0.0,0.0,0.0,0.0,89.0,0.08,0.0,0.0,0.0,0.0,0.0,0.0
1.38.0,2014-05-23 05:54:35,21513476,1498,705796,14361.47,190,189,60.0,7.93,113828.0,7,634,214.0,100,27.14,133865.0,0.63,12.0,0.81,1.0,0.53,0.38,107.0,0.09,0.0,0.0,1.0,0.16,0.81,0.81
1.39.0,2014-05-29 06:10:41,21534410,1498,705796,14375.44,190,189,60.0,7.93,113939.0,7,634,214.0,100,27.14,20934.0,0.1,0.0,0.0,0.0,0.0,0.0,111.0,0.1,0.0,0.0,0.0,0.0,0.0,0.0
1.40.0,2014-06-13 03:59:41,21562745,1502,705796,14356.02,190,189,60.0,7.95,114089.0,7,635,214.57,100,27.14,28335.0,0.13,4.0,0.27,0.0,0.0,0.25,150.0,0.13,0.0,0.0,1.0,0.16,0.27,0.27
1.41.0,2014-06-21 05:50:39,21593116,1504,705796,14357.12,190,189,60.0,7.96,114249.0,7,637,214.86,100,27.14,30371.0,0.14,2.0,0.13,0.0,0.0,0.13,160.0,0.14,0.0,0.0,2.0,0.31,0.14,0.14
1.42.0,2014-06-27 05:51:54,21635082,1505,705796,14375.47,190,189,60.0,7.96,114471.0,7,637,215.0,100,27.14,41966.0,0.19,1.0,0.07,0.0,0.0,0.0,222.0,0.19,0.0,0.0,0.0,0.0,0.07,0.07
1.43.0,2014-07-04 06:05:26,21638613,1505,705796,14377.82,190,189,60.0,7.96,114490.0,7,637,215.0,100,27.14,3531.0,0.02,0.0,0.0,0.0,0.0,0.0,19.0,0.02,0.0,0.0,0.0,0.0,0.0,0.0
1.44.0,2014-07-11 04:19:43,21674166,1506,705796,14391.88,190,189,60.0,7.97,114678.0,7,638,215.14,100,27.14,35553.0,0.16,1.0,0.07,0.0,0.0,0.13,188.0,0.16,0.0,0.0,1.0,0.16,0.07,0.07
1.45.0,2014-07-18 04:37:49,21701738,1509,705796,14381.54,190,189,60.0,7.98,114824.0,7,638,215.57,100,27.14,27572.0,0.13,3.0,0.2,0.0,0.0,0.13,146.0,0.13,0.0,0.0,0.0,0.0,0.2,0.2
1.46.0,2014-07-25 06:04:29,21712902,1509,705796,14388.93,190,189,60.0,7.98,114883.0,7,638,215.57,100,27.14,11164.0,0.05,0.0,0.0,0.0,0.0,0.0,59.0,0.05,0.0,0.0,0.0,0.0,0.0,0.0
1.47.0,2014-08-01 04:44:22,21715545,1507,705796,14409.78,190,189,59.0,7.97,114897.0,7,637,215.29,100,27.14,2643.0,0.01,-2.0,-0.13,0.0,0.0,-0.13,14.0,0.01,0.0,0.0,-1.0,-0.16,-0.13,-0.13
1.48.0,2014-08-08 05:21:35,21730058,1508,705796,14409.85,190,189,59.0,7.98,114974.0,7,638,215.43,100,27.14,14513.0,0.07,1.0,0.07,0.0,0.0,0.13,77.0,0.07,0.0,0.0,1.0,0.16,0.07,0.07
2.0.0,2014-08-22 05:10:28,20676937,1470,705796,14065.94,189,188,59.0,7.82,109984.0,7,638,210.0,100,27.0,-1053121.0,-4.85,-38.0,-2.52,-1.0,-0.53,-2.01,-4990.0,-4.34,0.0,0.0,0.0,0.0,-2.52,-2.52
2.1.0,2014-08-29 05:59:29,20696684,1472,705796,14060.25,189,188,59.0,7.83,110089.0,7,639,210.29,100,27.0,19747.0,0.1,2.0,0.14,0.0,0.0,0.13,105.0,0.1,0.0,0.0,1.0,0.16,0.14,0.14
2.2.0,2014-09-05 07:11:00,20710564,1472,705796,14069.68,189,188,59.0,7.83,110163.0,7,639,210.29,100,27.0,13880.0,0.07,0.0,0.0,0.0,0.0,0.0,74.0,0.07,0.0,0.0,0.0,0.0,0.0,0.0
2.3.0,2014-09-12 04:16:50,20741067,1473,705796,14080.83,189,188,59.0,7.84,110325.0,7,639,210.43,100,27.0,30503.0,0.15,1.0,0.07,0.0,0.0,0.13,162.0,0.15,0.0,0.0,0.0,0.0,0.07,0.07
2.4.0,2014-09-26 06:23:03,20984024,1475,706264,14226.46,189,188,59.0,7.85,111617.0,7,640,210.71,100,27.0,242957.0,1.17,2.0,0.14,0.0,0.0,0.13,1292.0,1.17,0.0,0.0,1.0,0.16,0.13,0.13
2.5.0,2014-10-03 05:35:37,20996692,1475,706264,14235.05,189,188,59.0,7.85,111685.0,7,640,210.71,100,27.0,12668.0,0.06,0.0,0.0,0.0,0.0,0.0,68.0,0.06,0.0,0.0,0.0,0.0,0.0,0.0
2.6.0,2014-10-17 03:09:11,21018466,1476,706264,14240.15,189,188,59.0,7.85,111800.0,7,641,210.86,100,27.0,21774.0,0.1,1.0,0.07,0.0,0.0,0.0,115.0,0.1,0.0,0.0,1.0,0.16,0.07,0.07
2.7.0,2014-10-24 05:18:51,21029280,1478,706264,14228.2,190,189,59.0,7.82,111266.0,7,641,211.14,100,27.14,10814.0,0.05,2.0,0.14,1.0,0.53,-0.38,-534.0,-0.48,0.0,0.0,0.0,0.0,0.13,0.13
2.8.0,2014-10-31 03:27:00,21131513,1486,706264,14220.4,191,190,59.0,7.82,111218.0,7,647,212.29,101,27.29,102233.0,0.49,8.0,0.54,1.0,0.53,0.0,-48.0,-0.04,0.0,0.0,6.0,0.94,0.54,0.54
2.9.0,2014-11-07 04:28:47,21167305,1490,706264,14206.24,191,190,59.0,7.84,111407.0,7,650,212.86,101,27.29,35792.0,0.17,4.0,0.27,0.0,0.0,0.26,189.0,0.17,0.0,0.0,3.0,0.46,0.27,0.27
2.10.0,2014-11-14 04:22:49,21187391,1491,706264,14210.19,190,189,59.0,7.89,112103.0,7,650,213.0,100,27.14,20086.0,0.09,1.0,0.07,-1.0,-0.53,0.64,696.0,0.62,0.0,0.0,0.0,0.0,0.07,0.07
2.11.0,2014-11-21 03:51:26,21220744,1494,706264,14203.98,190,189,59.0,7.9,112279.0,7,651,213.43,100,27.14,33353.0,0.16,3.0,0.2,0.0,0.0,0.13,176.0,0.16,0.0,0.0,1.0,0.15,0.2,0.2
2.12.0,2014-11-28 04:43:13,21247795,1499,706264,14174.65,190,189,59.0,7.93,112422.0,7,651,214.14,100,27.14,27051.0,0.13,5.0,0.33,0.0,0.0,0.38,143.0,0.13,0.0,0.0,0.0,0.0,0.33,0.33
2.13.0,2014-12-19 04:03:58,21266035,1500,706264,14177.36,190,189,59.0,7.94,112519.0,7,651,214.29,100,27.14,18240.0,0.09,1.0,0.07,0.0,0.0,0.13,97.0,0.09,0.0,0.0,0.0,0.0,0.07,0.07
2.14.0,2014-12-26 05:41:21,21271448,1500,706264,14180.97,190,189,59.0,7.94,112547.0,7,650,214.29,100,27.14,5413.0,0.03,0.0,0.0,0.0,0.0,0.0,28.0,0.02,0.0,0.0,-1.0,-0.15,0.0,0.0
2.15.0,2015-01-02 06:04:01,21297371,1502,706264,14179.34,190,189,59.0,7.95,112685.0,7,651,214.57,100,27.14,25923.0,0.12,2.0,0.13,0.0,0.0,0.13,138.0,0.12,0.0,0.0,1.0,0.15,0.13,0.13
2.16.0,2015-01-10 02:23:29,21302736,1501,706264,14192.36,190,188,59.0,7.98,113312.0,7,650,214.43,100,27.14,5365.0,0.03,-1.0,-0.07,-1.0,-0.53,0.38,627.0,0.56,0.0,0.0,-1.0,-0.15,-0.07,-0.07
2.17.0,2015-01-23 05:04:51,21341154,1503,706264,14199.04,190,188,59.0,7.99,113517.0,7,651,214.71,100,27.14,38418.0,0.18,2.0,0.13,0.0,0.0,0.13,205.0,0.18,0.0,0.0,1.0,0.15,0.13,0.13
2.18.0,2015-01-30 04:55:19,21359786,1503,706264,14211.43,190,188,59.0,7.99,113616.0,7,651,214.71,100,27.14,18632.0,0.09,0.0,0.0,0.0,0.0,0.0,99.0,0.09,0.0,0.0,0.0,0.0,0.0,0.0
2.19.0,2015-02-06 05:16:24,21378338,1503,706264,14223.78,190,188,59.0,7.99,113715.0,7,651,214.71,100,27.14,18552.0,0.09,0.0,0.0,0.0,0.0,0.0,99.0,0.09,0.0,0.0,0.0,0.0,0.0,0.0
2.20.0,2015-02-20 04:34:13,21490468,1517,706264,14166.43,192,190,59.0,7.98,113108.0,7,654,216.71,101,27.43,112130.0,0.52,14.0,0.93,2.0,1.06,-0.13,-607.0,-0.53,0.0,0.0,3.0,0.46,0.93,0.93
2.21.0,2015-03-13 04:56:40,21611976,1523,706264,14190.4,193,191,59.0,7.97,113152.0,7,658,217.57,102,27.57,121508.0,0.57,6.0,0.4,1.0,0.53,-0.13,44.0,0.04,0.0,0.0,4.0,0.61,0.4,0.4
2.22.0,2015-03-20 03:27:12,21636972,1523,706264,14206.81,193,191,59.0,7.97,113283.0,7,658,217.57,102,27.57,24996.0,0.12,0.0,0.0,0.0,0.0,0.0,131.0,0.12,0.0,0.0,0.0,0.0,0.0,0.0
2.23.0,2015-04-03 06:08:54,21668061,1528,706264,14180.67,193,191,59.0,8.0,113445.0,7,659,218.29,102,27.57,31089.0,0.14,5.0,0.33,0.0,0.0,0.38,162.0,0.14,0.0,0.0,1.0,0.15,0.33,0.33
2.24.0,2015-04-10 03:16:18,21684949,1528,706264,14191.72,193,191,59.0,8.0,113534.0,7,659,218.29,102,27.57,16888.0,0.08,0.0,0.0,0.0,0.0,0.0,89.0,0.08,0.0,0.0,0.0,0.0,0.0,0.0
2.25.0,2015-04-17 06:11:18,21715451,1529,706264,14202.39,193,191,59.0,8.01,113693.0,7,660,218.43,102,27.57,30502.0,0.14,1.0,0.07,0.0,0.0,0.12,159.0,0.14,0.0,0.0,1.0,0.15,0.06,0.06
2.26.0,2015-04-24 04:39:04,21721603,1529,706264,14206.41,193,191,59.0,8.01,113726.0,7,660,218.43,102,27.57,6152.0,0.03,0.0,0.0,0.0,0.0,0.0,33.0,0.03,0.0,0.0,0.0,0.0,0.0,0.0
2.27.0,2015-05-01 05:34:09,21741787,1530,706264,14210.32,193,191,59.0,8.01,113831.0,7,660,218.57,102,27.57,20184.0,0.09,1.0,0.07,0.0,0.0,0.0,105.0,0.09,0.0,0.0,0.0,0.0,0.06,0.06
2.28.0,2015-05-15 05:29:00,21763347,1530,706264,14224.41,193,191,59.0,8.01,113944.0,7,660,218.57,102,27.57,21560.0,0.1,0.0,0.0,0.0,0.0,0.0,113.0,0.1,0.0,0.0,0.0,0.0,0.0,0.0
2.29.0,2015-05-29 04:46:06,21911030,1541,715551,14218.71,194,192,61.0,8.03,114120.0,7,660,220.14,102,27.71,147683.0,0.68,11.0,0.72,1.0,0.52,0.25,176.0,0.15,0.0,0.0,0.0,0.0,0.72,0.72
2.30.0,2015-06-05 04:41:40,21942095,1545,715551,14202.0,194,192,61.0,8.05,114282.0,7,660,220.71,102,27.71,31065.0,0.14,4.0,0.26,0.0,0.0,0.25,162.0,0.14,0.0,0.0,0.0,0.0,0.26,0.26
2.31.0,2015-06-19 05:27:51,24809770,1560,2715806,15903.7,196,194,63.0,8.04,127885.0,7,660,222.86,102,28.0,2867675.0,13.07,15.0,0.97,2.0,1.04,-0.12,13603.0,11.9,0.0,0.0,0.0,0.0,0.97,0.97
2.32.0,2015-07-17 02:45:38,24847706,1561,2715806,15917.81,196,194,64.0,8.05,128081.0,7,660,223.0,102,28.0,37936.0,0.15,1.0,0.06,0.0,0.0,0.12,196.0,0.15,0.0,0.0,0.0,0.0,0.06,0.06
2.32.1,2015-07-17 18:40:48,24848049,1561,2715806,15918.03,196,194,64.0,8.05,128083.0,7,660,223.0,102,28.0,343.0,0.0,0.0,0.0,0.0,0.0,0.0,2.0,0.0,0.0,0.0,0.0,0.0,0.0,0.0
2.33.0,2015-07-24 05:40:19,24857908,1561,2715806,15924.35,196,194,64.0,8.05,128134.0,7,660,223.0,102,28.0,9859.0,0.04,0.0,0.0,0.0,0.0,0.0,51.0,0.04,0.0,0.0,0.0,0.0,0.0,0.0
2.34.0,2015-08-07 06:09:19,25010598,1576,2715806,15869.67,196,194,64.0,8.12,128921.0,7,660,225.14,102,28.0,152690.0,0.61,15.0,0.96,0.0,0.0,0.87,787.0,0.61,0.0,0.0,0.0,0.0,0.96,0.96
2.35.0,2015-08-14 02:10:49,25018468,1576,2715806,15874.66,196,194,64.0,8.12,128961.0,7,660,225.14,102,28.0,7870.0,0.03,0.0,0.0,0.0,0.0,0.0,40.0,0.03,0.0,0.0,0.0,0.0,0.0,0.0
2.36.0,2015-08-28 05:16:27,25053678,1577,2715806,15886.92,196,194,64.0,8.13,129143.0,7,660,225.29,102,28.0,35210.0,0.14,1.0,0.06,0.0,0.0,0.12,182.0,0.14,0.0,0.0,0.0,0.0,0.07,0.07
2.37.0,2015-09-04 05:30:17,25067296,1578,2715806,15885.49,196,194,64.0,8.13,129213.0,7,661,225.43,102,28.0,13618.0,0.05,1.0,0.06,0.0,0.0,0.0,70.0,0.05,0.0,0.0,1.0,0.15,0.06,0.06
2.37.1,2015-09-04 09:18:33,25067363,1578,2715806,15885.53,196,194,64.0,8.13,129213.0,7,661,225.43,102,28.0,67.0,0.0,0.0,0.0,0.0,0.0,0.0,0.0,0.0,0.0,0.0,0.0,0.0,0.0,0.0
2.38.0,2015-09-11 05:39:03,25079175,1579,2715806,15882.95,196,194,64.0,8.14,129274.0,7,662,225.57,102,28.0,11812.0,0.05,1.0,0.06,0.0,0.0,0.12,61.0,0.05,0.0,0.0,1.0,0.15,0.06,0.06
2.39.0,2015-09-25 04:15:33,25100243,1581,2715806,15876.18,196,194,64.0,8.15,129383.0,7,663,225.86,102,28.0,21068.0,0.08,2.0,0.13,0.0,0.0,0.12,109.0,0.08,0.0,0.0,1.0,0.15,0.13,0.13
2.40.0,2015-10-02 07:43:43,25116748,1583,2715806,15866.55,196,194,64.0,8.16,129468.0,7,665,226.14,102,28.0,16505.0,0.07,2.0,0.13,0.0,0.0,0.12,85.0,0.07,0.0,0.0,2.0,0.3,0.12,0.12
2.41.0,2015-10-16 05:07:48,25148676,1586,2715806,15856.67,196,194,65.0,8.18,129632.0,7,665,226.57,102,28.0,31928.0,0.13,3.0,0.19,0.0,0.0,0.25,164.0,0.13,0.0,0.0,0.0,0.0,0.19,0.19
2.42.0,2015-10-30 04:46:48,25204573,1590,2715806,15851.93,196,194,67.0,8.2,129920.0,7,665,227.14,102,28.0,55897.0,0.22,4.0,0.25,0.0,0.0,0.24,288.0,0.22,0.0,0.0,0.0,0.0,0.25,0.25
2.43.0,2015-11-06 04:44:02,25240831,1591,2715806,15864.76,196,194,67.0,8.2,130107.0,7,665,227.29,102,28.0,36258.0,0.14,1.0,0.06,0.0,0.0,0.0,187.0,0.14,0.0,0.0,0.0,0.0,0.07,0.07
2.44.0,2015-11-13 04:40:11,25251110,1592,2715806,15861.25,196,194,68.0,8.21,130160.0,7,665,227.43,102,28.0,10279.0,0.04,1.0,0.06,0.0,0.0,0.12,53.0,0.04,0.0,0.0,0.0,0.0,0.06,0.06
2.44.1,2015-11-15 05:15:13,25253192,1593,2715806,15852.6,196,194,69.0,8.21,130171.0,7,665,227.57,102,28.0,2082.0,0.01,1.0,0.06,0.0,0.0,0.0,11.0,0.01,0.0,0.0,0.0,0.0,0.06,0.06
2.45.0,2015-11-27 04:22:13,25289660,1594,2715806,15865.53,196,194,70.0,8.22,130359.0,7,665,227.71,102,28.0,36468.0,0.14,1.0,0.06,0.0,0.0,0.12,188.0,0.14,0.0,0.0,0.0,0.0,0.06,0.06
2.46.0,2015-12-11 03:52:47,25241404,1590,2715806,15875.1,195,193,69.0,8.24,130784.0,7,662,227.14,101,27.86,-48256.0,-0.19,-4.0,-0.25,-1.0,-0.52,0.24,425.0,0.33,0.0,0.0,-3.0,-0.45,-0.25,-0.25
2.47.0,2015-12-21 04:57:33,25305978,1594,2715806,15875.77,195,193,70.0,8.26,131119.0,7,663,227.71,101,27.86,64574.0,0.26,4.0,0.25,0.0,0.0,0.24,335.0,0.26,0.0,0.0,1.0,0.15,0.25,0.25
2.48.0,2016-01-01 05:13:45,25309724,1594,2715806,15878.12,195,193,70.0,8.26,131138.0,7,663,227.71,101,27.86,3746.0,0.01,0.0,0.0,0.0,0.0,0.0,19.0,0.01,0.0,0.0,0.0,0.0,0.0,0.0
2.49.0,2016-01-15 03:48:37,25334883,1596,2715806,15873.99,195,193,72.0,8.27,131269.0,7,663,228.0,101,27.86,25159.0,0.1,2.0,0.13,0.0,0.0,0.12,131.0,0.1,0.0,0.0,0.0,0.0,0.13,0.13
2.50.0,2016-01-29 03:33:14,26199799,1597,3543049,16405.63,195,193,72.0,8.27,135750.0,7,663,228.14,101,27.86,864916.0,3.41,1.0,0.06,0.0,0.0,0.0,4481.0,3.41,0.0,0.0,0.0,0.0,0.06,0.06
2.50.1,2016-01-29 18:47:09,26200209,1597,3543049,16405.89,195,193,72.0,8.27,135752.0,7,663,228.14,101,27.86,410.0,0.0,0.0,0.0,0.0,0.0,0.0,2.0,0.0,0.0,0.0,0.0,0.0,0.0,0.0
2.51.0,2016-02-12 04:59:23,26203994,1597,3543049,16408.26,195,193,72.0,8.27,135772.0,7,663,228.14,101,27.86,3785.0,0.01,0.0,0.0,0.0,0.0,0.0,20.0,0.01,0.0,0.0,0.0,0.0,0.0,0.0
2.52.0,2016-02-26 04:04:36,26266696,1600,3543049,16416.69,195,193,72.0,8.29,136097.0,7,663,228.57,101,27.86,62702.0,0.24,3.0,0.19,0.0,0.0,0.24,325.0,0.24,0.0,0.0,0.0,0.0,0.19,0.19
2.53.0,2016-03-11 04:07:28,26321021,1604,3543049,16409.61,195,193,72.0,8.31,136378.0,7,663,229.14,101,27.86,54325.0,0.21,4.0,0.25,0.0,0.0,0.24,281.0,0.21,0.0,0.0,0.0,0.0,0.25,0.25
2.54.0,2016-04-01 03:47:28,26342304,1605,3543049,16412.65,195,193,72.0,8.32,136489.0,7,663,229.29,101,27.86,21283.0,0.08,1.0,0.06,0.0,0.0,0.12,111.0,0.08,0.0,0.0,0.0,0.0,0.07,0.07
2.55.0,2016-04-15 06:12:15,26370811,1608,3543049,16399.76,197,194,72.0,8.29,135932.0,7,663,229.71,101,28.14,28507.0,0.11,3.0,0.19,1.0,0.52,-0.36,-557.0,-0.41,0.0,0.0,0.0,0.0,0.18,0.18
2.56.0,2016-04-29 04:12:09,26293656,1601,3543049,16423.27,196,193,72.0,8.3,136237.0,7,656,228.71,100,28.0,-77155.0,-0.29,-7.0,-0.44,-1.0,-0.52,0.12,305.0,0.22,0.0,0.0,-7.0,-1.06,-0.44,-0.44
2.57.0,2016-05-20 05:50:27,26323675,1606,3545988,16390.83,197,194,73.0,8.28,135689.0,7,658,229.43,101,28.14,30019.0,0.11,5.0,0.31,1.0,0.52,-0.24,-548.0,-0.4,0.0,0.0,2.0,0.3,0.31,0.31
2.57.1,2016-05-20 13:45:27,26323678,1606,3545988,16390.83,197,194,73.0,8.28,135689.0,7,658,229.43,101,28.14,3.0,0.0,0.0,0.0,0.0,0.0,0.0,0.0,0.0,0.0,0.0,0.0,0.0,0.0,0.0
2.58.0,2016-06-03 05:16:08,26369098,1609,3545988,16388.5,198,195,73.0,8.25,135226.0,7,661,229.86,102,28.29,45420.0,0.17,3.0,0.19,1.0,0.52,-0.36,-463.0,-0.34,0.0,0.0,3.0,0.46,0.19,0.19
2.59.0,2016-06-17 04:24:09,26403480,1612,3545988,16379.33,198,195,74.0,8.27,135402.0,7,663,230.29,102,28.29,34382.0,0.13,3.0,0.19,0.0,0.0,0.24,176.0,0.13,0.0,0.0,2.0,0.3,0.19,0.19
2.60.0,2016-06-24 03:54:27,26525912,1619,3545988,16384.13,198,195,75.0,8.3,136030.0,7,667,231.29,102,28.29,122432.0,0.46,7.0,0.43,0.0,0.0,0.36,628.0,0.46,0.0,0.0,4.0,0.6,0.43,0.43
2.61.0,2016-07-01 04:54:56,26550261,1619,3545988,16399.17,198,195,75.0,8.3,136155.0,7,667,231.29,102,28.29,24349.0,0.09,0.0,0.0,0.0,0.0,0.0,125.0,0.09,0.0,0.0,0.0,0.0,0.0,0.0
2.62.0,2016-07-08 06:06:22,26559000,1619,3545988,16404.57,198,195,75.0,8.3,136200.0,7,667,231.29,102,28.29,8739.0,0.03,0.0,0.0,0.0,0.0,0.0,45.0,0.03,0.0,0.0,0.0,0.0,0.0,0.0
2.63.0,2016-07-22 04:21:05,26684909,1619,3545988,16482.34,198,195,75.0,8.3,136846.0,7,667,231.29,102,28.29,125909.0,0.47,0.0,0.0,0.0,0.0,0.0,646.0,0.47,0.0,0.0,0.0,0.0,0.0,0.0
2.64.0,2016-08-12 04:52:57,26705720,1619,3545988,16495.19,198,195,75.0,8.3,136952.0,7,667,231.29,102,28.29,20811.0,0.08,0.0,0.0,0.0,0.0,0.0,106.0,0.08,0.0,0.0,0.0,0.0,0.0,0.0
2.65.0,2016-08-26 02:08:58,26715153,1619,3545988,16501.02,198,195,75.0,8.3,137001.0,7,667,231.29,102,28.29,9433.0,0.04,0.0,0.0,0.0,0.0,0.0,49.0,0.04,0.0,0.0,0.0,0.0,0.0,0.0
2.65.1,2016-08-26 09:23:05,26716931,1619,3545988,16502.12,198,195,75.0,8.3,137010.0,7,667,231.29,102,28.29,1778.0,0.01,0.0,0.0,0.0,0.0,0.0,9.0,0.01,0.0,0.0,0.0,0.0,0.0,0.0
2.66.0,2016-09-02 03:51:50,26725716,1621,3545988,16487.18,198,196,75.0,8.27,136356.0,7,667,231.57,102,28.29,8785.0,0.03,2.0,0.12,1.0,0.51,-0.36,-654.0,-0.48,0.0,0.0,0.0,0.0,0.12,0.12
2.67.0,2016-09-08 04:55:18,26744686,1621,3545988,16498.88,198,196,75.0,8.27,136452.0,7,667,231.57,102,28.29,18970.0,0.07,0.0,0.0,0.0,0.0,0.0,96.0,0.07,0.0,0.0,0.0,0.0,0.0,0.0
2.68.0,2016-09-16 04:04:34,26747386,1621,3545988,16500.55,198,196,75.0,8.27,136466.0,7,667,231.57,102,28.29,2700.0,0.01,0.0,0.0,0.0,0.0,0.0,14.0,0.01,0.0,0.0,0.0,0.0,0.0,0.0
2.69.0,2016-09-30 04:45:59,26754819,1622,3545988,16494.96,198,197,75.0,8.23,135811.0,7,667,231.71,102,28.29,7433.0,0.03,1.0,0.06,1.0,0.51,-0.48,-655.0,-0.48,0.0,0.0,0.0,0.0,0.06,0.06
2.70.0,2016-10-14 05:56:48,26747617,1616,3545988,16551.74,197,196,74.0,8.24,136467.0,7,661,230.86,101,28.14,-7202.0,-0.03,-6.0,-0.37,-1.0,-0.51,0.12,656.0,0.48,0.0,0.0,-6.0,-0.9,-0.37,-0.37
2.71.0,2016-10-31 04:57:22,26752910,1617,3545988,16544.78,197,196,74.0,8.25,136494.0,7,661,231.0,101,28.14,5293.0,0.02,1.0,0.06,0.0,0.0,0.12,27.0,0.02,0.0,0.0,0.0,0.0,0.06,0.06
2.72.0,2016-11-18 03:43:46,26768105,1617,3545988,16554.18,197,196,74.0,8.25,136572.0,7,661,231.0,101,28.14,15195.0,0.06,0.0,0.0,0.0,0.0,0.0,78.0,0.06,0.0,0.0,0.0,0.0,0.0,0.0
2.73.0,2016-11-25 03:51:23,26775262,1617,3545988,16558.6,197,196,74.0,8.25,136608.0,7,661,231.0,101,28.14,7157.0,0.03,0.0,0.0,0.0,0.0,0.0,36.0,0.03,0.0,0.0,0.0,0.0,0.0,0.0
2.74.0,2016-12-09 04:31:40,26776682,1617,3545988,16559.48,197,196,74.0,8.25,136616.0,7,661,231.0,101,28.14,1420.0,0.01,0.0,0.0,0.0,0.0,0.0,8.0,0.01,0.0,0.0,0.0,0.0,0.0,0.0
2.75.0,2016-12-23 03:42:26,26781801,1617,3545988,16562.65,197,196,74.0,8.25,136642.0,7,661,231.0,101,28.14,5119.0,0.02,0.0,0.0,0.0,0.0,0.0,26.0,0.02,0.0,0.0,0.0,0.0,0.0,0.0
2.75.1,2016-12-25 05:32:55,26787902,1618,3545988,16556.18,197,196,74.0,8.26,136673.0,7,662,231.14,101,28.14,6101.0,0.02,1.0,0.06,0.0,0.0,0.12,31.0,0.02,0.0,0.0,1.0,0.15,0.06,0.06
2.76.0,2016-12-30 04:16:06,26790835,1618,3545988,16557.99,197,196,74.0,8.26,136688.0,7,662,231.14,101,28.14,2933.0,0.01,0.0,0.0,0.0,0.0,0.0,15.0,0.01,0.0,0.0,0.0,0.0,0.0,0.0
2.77.0,2017-01-13 04:38:35,26796447,1618,3545988,16561.46,197,196,74.0,8.26,136717.0,7,662,231.14,101,28.14,5612.0,0.02,0.0,0.0,0.0,0.0,0.0,29.0,0.02,0.0,0.0,0.0,0.0,0.0,0.0
2.78.0,2017-01-27 04:46:08,26803903,1618,3545988,16566.07,197,196,74.0,8.26,136755.0,7,662,231.14,101,28.14,7456.0,0.03,0.0,0.0,0.0,0.0,0.0,38.0,0.03,0.0,0.0,0.0,0.0,0.0,0.0
2.79.0,2017-02-10 04:09:41,26809424,1617,3545982,16579.73,197,196,74.0,8.25,136783.0,7,661,231.0,101,28.14,5521.0,0.02,-1.0,-0.06,0.0,0.0,-0.12,28.0,0.02,0.0,0.0,-1.0,-0.15,-0.06,-0.06
2.79.1,2017-02-12 03:09:49,26811337,1617,3545982,16580.91,197,196,74.0,8.25,136793.0,7,661,231.0,101,28.14,1913.0,0.01,0.0,0.0,0.0,0.0,0.0,10.0,0.01,0.0,0.0,0.0,0.0,0.0,0.0
2.80.0,2017-02-24 03:42:19,26825302,1617,3545982,16589.55,197,196,74.0,8.25,136864.0,7,661,231.0,101,28.14,13965.0,0.05,0.0,0.0,0.0,0.0,0.0,71.0,0.05,0.0,0.0,0.0,0.0,0.0,0.0
2.81.0,2017-03-10 04:56:17,26857473,1621,3545982,16568.46,197,196,75.0,8.27,137028.0,7,661,231.57,101,28.14,32171.0,0.12,4.0,0.25,0.0,0.0,0.24,164.0,0.12,0.0,0.0,0.0,0.0,0.25,0.25
2.82.0,2017-03-18 05:19:33,26860386,1621,3545982,16570.26,197,196,75.0,8.27,137043.0,7,661,231.57,101,28.14,2913.0,0.01,0.0,0.0,0.0,0.0,0.0,15.0,0.01,0.0,0.0,0.0,0.0,0.0,0.0
2.83.0,2017-04-15 04:38:08,26860632,1620,3545982,16580.64,197,196,75.0,8.27,137044.0,7,660,231.43,101,28.14,246.0,0.0,-1.0,-0.06,0.0,0.0,0.0,1.0,0.0,0.0,0.0,-1.0,-0.15,-0.06,-0.06
2.84.0,2017-05-05 06:02:18,26869488,1621,3545982,16575.87,197,196,75.0,8.27,137089.0,7,661,231.57,101,28.14,8856.0,0.03,1.0,0.06,0.0,0.0,0.0,45.0,0.03,0.0,0.0,1.0,0.15,0.06,0.06
2.85.0,2017-05-12 06:26:25,26884493,1623,3545982,16564.69,197,196,75.0,8.28,137166.0,7,662,231.86,101,28.14,15005.0,0.06,2.0,0.12,0.0,0.0,0.12,77.0,0.06,0.0,0.0,1.0,0.15,0.13,0.13
2.85.1,2017-05-13 05:52:41,26884683,1623,3545982,16564.81,197,196,75.0,8.28,137167.0,7,662,231.86,101,28.14,190.0,0.0,0.0,0.0,0.0,0.0,0.0,1.0,0.0,0.0,0.0,0.0,0.0,0.0,0.0
3.0.0,2017-06-16 06:00:12,19714321,1508,705796,13073.16,183,182,77.0,8.29,108320.0,7,669,215.43,100,26.14,-7170362.0,-26.67,-115.0,-7.09,-14.0,-7.14,0.12,-28847.0,-21.03,0.0,0.0,7.0,1.06,-7.09,-7.09
3.1.0,2017-06-23 05:52:55,19232095,1449,705796,13272.67,182,181,76.0,8.01,106255.0,7,669,207.0,100,26.0,-482226.0,-2.45,-59.0,-3.91,-1.0,-0.55,-3.38,-2065.0,-1.91,0.0,0.0,0.0,0.0,-3.91,-3.91
3.1.1,2017-06-23 11:06:20,19233410,1449,705796,13273.57,182,181,76.0,8.01,106262.0,7,669,207.0,100,26.0,1315.0,0.01,0.0,0.0,0.0,0.0,0.0,7.0,0.01,0.0,0.0,0.0,0.0,0.0,0.0
3.2.0,2017-06-30 07:22:11,19203220,1448,705796,13261.89,181,180,76.0,8.04,106685.0,7,666,206.86,99,25.86,-30190.0,-0.16,-1.0,-0.07,-1.0,-0.55,0.37,423.0,0.4,0.0,0.0,-3.0,-0.45,-0.07,-0.07
3.2.1,2017-06-30 11:31:45,19203282,1448,705796,13261.94,181,180,76.0,8.04,106685.0,7,666,206.86,99,25.86,62.0,0.0,0.0,0.0,0.0,0.0,0.0,0.0,0.0,0.0,0.0,0.0,0.0,0.0,0.0
3.3.0,2017-07-07 06:21:27,19217985,1448,705796,13272.09,181,180,76.0,8.04,106767.0,7,666,206.86,99,25.86,14703.0,0.08,0.0,0.0,0.0,0.0,0.0,82.0,0.08,0.0,0.0,0.0,0.0,0.0,0.0
3.4.0,2017-07-14 05:02:22,19213198,1448,705796,13268.78,181,180,76.0,8.04,106740.0,7,666,206.86,99,25.86,-4787.0,-0.02,0.0,0.0,0.0,0.0,0.0,-27.0,-0.03,0.0,0.0,0.0,0.0,0.0,0.0
3.5.0,2017-07-28 06:07:52,18719478,1408,705796,13295.08,174,173,76.0,8.14,108205.0,7,666,201.14,99,24.86,-493720.0,-2.57,-40.0,-2.76,-7.0,-3.89,1.24,1465.0,1.37,0.0,0.0,0.0,0.0,-2.77,-2.77
3.6.0,2017-08-04 05:27:08,18743288,1411,705796,13283.69,174,173,76.0,8.16,108343.0,7,666,201.57,99,24.86,23810.0,0.13,3.0,0.21,0.0,0.0,0.25,138.0,0.13,0.0,0.0,0.0,0.0,0.21,0.21
3.7.0,2017-08-25 05:47:17,18752953,1412,705796,13281.13,174,173,77.0,8.16,108399.0,7,666,201.71,99,24.86,9665.0,0.05,1.0,0.07,0.0,0.0,0.0,56.0,0.05,0.0,0.0,0.0,0.0,0.07,0.07
3.8.0,2017-09-22 05:14:11,18761105,1412,705796,13286.9,174,173,77.0,8.16,108446.0,7,666,201.71,99,24.86,8152.0,0.04,0.0,0.0,0.0,0.0,0.0,47.0,0.04,0.0,0.0,0.0,0.0,0.0,0.0
3.9.0,2017-10-06 05:57:42,18592483,1409,705796,13195.52,173,172,77.0,8.19,108096.0,7,663,201.29,98,24.71,-168622.0,-0.9,-3.0,-0.21,-1.0,-0.58,0.37,-350.0,-0.32,0.0,0.0,-3.0,-0.45,-0.21,-0.21
3.10.0,2017-10-20 05:44:45,18589204,1408,705796,13202.56,173,172,77.0,8.19,108077.0,7,663,201.14,98,24.71,-3279.0,-0.02,-1.0,-0.07,0.0,0.0,0.0,-19.0,-0.02,0.0,0.0,0.0,0.0,-0.07,-0.07
3.11.0,2017-11-02 04:27:28,18595252,1408,705796,13206.86,173,172,77.0,8.19,108112.0,7,663,201.14,98,24.71,6048.0,0.03,0.0,0.0,0.0,0.0,0.0,35.0,0.03,0.0,0.0,0.0,0.0,0.0,0.0
3.11.1,2017-11-02 15:36:08,18595498,1408,705796,13207.03,173,172,77.0,8.19,108113.0,7,663,201.14,98,24.71,246.0,0.0,0.0,0.0,0.0,0.0,0.0,1.0,0.0,0.0,0.0,0.0,0.0,0.0,0.0
3.12.0,2017-11-10 02:44:37,18602279,1408,705796,13211.85,173,172,77.0,8.19,108153.0,7,663,201.14,98,24.71,6781.0,0.04,0.0,0.0,0.0,0.0,0.0,40.0,0.04,0.0,0.0,0.0,0.0,0.0,0.0
3.13.0,2017-12-01 04:37:47,18611978,1408,705796,13218.73,173,172,77.0,8.19,108209.0,7,663,201.14,98,24.71,9699.0,0.05,0.0,0.0,0.0,0.0,0.0,56.0,0.05,0.0,0.0,0.0,0.0,0.0,0.0
3.14.0,2017-12-15 03:50:37,18616383,1408,705796,13221.86,173,172,77.0,8.19,108235.0,7,663,201.14,98,24.71,4405.0,0.02,0.0,0.0,0.0,0.0,0.0,26.0,0.02,0.0,0.0,0.0,0.0,0.0,0.0
3.15.0,2018-01-05 03:57:57,18619857,1408,705796,13224.33,173,172,77.0,8.19,108255.0,7,663,201.14,98,24.71,3474.0,0.02,0.0,0.0,0.0,0.0,0.0,20.0,0.02,0.0,0.0,0.0,0.0,0.0,0.0
3.16.0,2018-01-26 04:57:26,18634283,1409,705796,13225.18,173,172,78.0,8.19,108339.0,7,663,201.29,98,24.71,14426.0,0.08,1.0,0.07,0.0,0.0,0.0,84.0,0.08,0.0,0.0,0.0,0.0,0.07,0.07
3.17.0,2018-02-09 04:22:47,18649583,1411,705796,13217.28,173,172,79.0,8.2,108428.0,7,663,201.57,98,24.71,15300.0,0.08,2.0,0.14,0.0,0.0,0.12,89.0,0.08,0.0,0.0,0.0,0.0,0.14,0.14
3.18.0,2018-02-23 04:11:19,18650200,1411,705796,13217.72,173,172,79.0,8.2,108431.0,7,663,201.57,98,24.71,617.0,0.0,0.0,0.0,0.0,0.0,0.0,3.0,0.0,0.0,0.0,0.0,0.0,0.0,0.0
3.19.0,2018-03-09 03:43:27,18660707,1412,705796,13215.8,173,172,79.0,8.21,108492.0,7,664,201.71,98,24.71,10507.0,0.06,1.0,0.07,0.0,0.0,0.12,61.0,0.06,0.0,0.0,1.0,0.15,0.07,0.07
3.20.0,2018-03-23 05:27:37,18662664,1412,705796,13217.18,173,172,79.0,8.21,108504.0,7,664,201.71,98,24.71,1957.0,0.01,0.0,0.0,0.0,0.0,0.0,12.0,0.01,0.0,0.0,0.0,0.0,0.0,0.0
3.21.0,2018-04-06 04:07:41,18664258,1412,705796,13218.31,173,172,79.0,8.21,108513.0,7,664,201.71,98,24.71,1594.0,0.01,0.0,0.0,0.0,0.0,0.0,9.0,0.01,0.0,0.0,0.0,0.0,0.0,0.0
3.22.0,2018-04-20 06:42:40,18676681,1413,705796,13217.75,173,172,79.0,8.22,108585.0,7,665,201.86,98,24.71,12423.0,0.07,1.0,0.07,0.0,0.0,0.12,72.0,0.07,0.0,0.0,1.0,0.15,0.07,0.07
3.22.1,2018-04-20 09:35:45,18676742,1413,705796,13217.79,173,172,79.0,8.22,108586.0,7,665,201.86,98,24.71,61.0,0.0,0.0,0.0,0.0,0.0,0.0,1.0,0.0,0.0,0.0,0.0,0.0,0.0,0.0
3.23.0,2018-05-04 04:33:13,23191034,1417,4490405,16366.29,174,173,80.0,8.19,134052.0,7,665,202.43,98,24.86,4514292.0,24.17,4.0,0.28,1.0,0.58,-0.36,25466.0,23.45,0.0,0.0,0.0,0.0,0.28,0.28
3.24.0,2018-05-25 04:27:38,23206090,1417,4490405,16376.92,174,173,80.0,8.19,134139.0,7,665,202.43,98,24.86,15056.0,0.06,0.0,0.0,0.0,0.0,0.0,87.0,0.06,0.0,0.0,0.0,0.0,0.0,0.0
3.24.1,2018-05-26 04:47:57,23206061,1417,4490405,16376.9,174,173,80.0,8.19,134139.0,7,665,202.43,98,24.86,-29.0,-0.0,0.0,0.0,0.0,0.0,0.0,0.0,0.0,0.0,0.0,0.0,0.0,0.0,0.0
3.24.2,2018-05-27 05:06:07,23206136,1417,4490405,16376.95,174,173,80.0,8.19,134140.0,7,665,202.43,98,24.86,75.0,0.0,0.0,0.0,0.0,0.0,0.0,1.0,0.0,0.0,0.0,0.0,0.0,0.0,0.0
3.25.0,2018-06-01 03:32:19,23210898,1417,4490405,16380.31,174,173,80.0,8.19,134167.0,7,665,202.43,98,24.86,4762.0,0.02,0.0,0.0,0.0,0.0,0.0,27.0,0.02,0.0,0.0,0.0,0.0,0.0,0.0
3.26.0,2018-06-15 02:56:53,23223720,1417,4490405,16389.36,174,173,80.0,8.19,134241.0,7,665,202.43,98,24.86,12822.0,0.06,0.0,0.0,0.0,0.0,0.0,74.0,0.06,0.0,0.0,0.0,0.0,0.0,0.0
3.26.1,2018-06-15 08:55:24,23223743,1417,4490405,16389.37,174,173,80.0,8.19,134241.0,7,665,202.43,98,24.86,23.0,0.0,0.0,0.0,0.0,0.0,0.0,0.0,0.0,0.0,0.0,0.0,0.0,0.0,0.0
3.27.0,2018-07-06 04:10:04,23248218,1419,4490405,16383.52,174,173,80.0,8.2,134383.0,7,665,202.71,98,24.86,24475.0,0.11,2.0,0.14,0.0,0.0,0.12,142.0,0.11,0.0,0.0,0.0,0.0,0.14,0.14
3.27.1,2018-07-06 14:55:38,23248286,1419,4490405,16383.57,174,173,80.0,8.2,134383.0,7,665,202.71,98,24.86,68.0,0.0,0.0,0.0,0.0,0.0,0.0,0.0,0.0,0.0,0.0,0.0,0.0,0.0,0.0
3.28.0,2018-07-20 06:19:03,23267119,1422,4490405,16362.25,174,173,80.0,8.22,134492.0,7,667,203.14,98,24.86,18833.0,0.08,3.0,0.21,0.0,0.0,0.24,109.0,0.08,0.0,0.0,2.0,0.3,0.21,0.21
3.29.0,2018-08-10 05:08:38,23275611,1422,4490405,16368.22,174,173,80.0,8.22,134541.0,7,667,203.14,98,24.86,8492.0,0.04,0.0,0.0,0.0,0.0,0.0,49.0,0.04,0.0,0.0,0.0,0.0,0.0,0.0
3.30.0,2018-08-24 03:43:47,23281447,1422,4490405,16372.33,174,173,80.0,8.22,134575.0,7,667,203.14,98,24.86,5836.0,0.03,0.0,0.0,0.0,0.0,0.0,34.0,0.03,0.0,0.0,0.0,0.0,0.0,0.0
3.31.0,2018-09-07 03:57:32,23287411,1422,4490405,16376.52,174,173,80.0,8.22,134609.0,7,667,203.14,98,24.86,5964.0,0.03,0.0,0.0,0.0,0.0,0.0,34.0,0.03,0.0,0.0,0.0,0.0,0.0,0.0
3.32.0,2018-09-28 04:18:18,23292205,1425,4490405,16345.41,175,174,80.0,8.19,133863.0,7,667,203.57,98,25.0,4794.0,0.02,3.0,0.21,1.0,0.58,-0.36,-746.0,-0.55,0.0,0.0,0.0,0.0,0.21,0.21
3.33.1,2018-10-19 07:00:54,23294084,1424,4490405,16358.21,175,174,80.0,8.18,133874.0,7,666,203.43,98,25.0,1879.0,0.01,-1.0,-0.07,0.0,0.0,-0.12,11.0,0.01,0.0,0.0,-1.0,-0.15,-0.07,-0.07
3.34.0,2018-11-08 05:37:03,23297190,1424,4490405,16360.39,175,174,80.0,8.18,133892.0,7,666,203.43,98,25.0,3106.0,0.01,0.0,0.0,0.0,0.0,0.0,18.0,0.01,0.0,0.0,0.0,0.0,0.0,0.0
3.35.0,2018-12-07 05:56:49,23316735,1424,4490405,16374.11,175,174,80.0,8.18,134004.0,7,666,203.43,98,25.0,19545.0,0.08,0.0,0.0,0.0,0.0,0.0,112.0,0.08,0.0,0.0,0.0,0.0,0.0,0.0
3.36.0,2018-12-21 04:06:01,23320054,1424,4490405,16376.44,175,174,80.0,8.18,134023.0,7,666,203.43,98,25.0,3319.0,0.01,0.0,0.0,0.0,0.0,0.0,19.0,0.01,0.0,0.0,0.0,0.0,0.0,0.0
3.37.0,2019-01-04 02:05:30,23448463,1422,4490405,16489.78,175,174,80.0,8.17,134761.0,7,664,203.14,98,25.0,128409.0,0.55,-2.0,-0.14,0.0,0.0,-0.12,738.0,0.55,0.0,0.0,-2.0,-0.3,-0.14,-0.14
3.38.0,2019-01-18 03:02:07,23454128,1422,4490405,16493.76,175,174,80.0,8.17,134794.0,7,664,203.14,98,25.0,5665.0,0.02,0.0,0.0,0.0,0.0,0.0,33.0,0.02,0.0,0.0,0.0,0.0,0.0,0.0
3.38.1,2019-01-18 15:40:27,23454204,1422,4490405,16493.81,175,174,80.0,8.17,134794.0,7,664,203.14,98,25.0,76.0,0.0,0.0,0.0,0.0,0.0,0.0,0.0,0.0,0.0,0.0,0.0,0.0,0.0,0.0
3.39.0,2019-02-01 04:24:52,23461965,1423,4490405,16487.68,175,174,80.0,8.18,134839.0,7,664,203.29,98,25.0,7761.0,0.03,1.0,0.07,0.0,0.0,0.12,45.0,0.03,0.0,0.0,0.0,0.0,0.07,0.07
3.39.1,2019-02-01 18:43:29,23461969,1423,4490405,16487.68,175,174,80.0,8.18,134839.0,7,664,203.29,98,25.0,4.0,0.0,0.0,0.0,0.0,0.0,0.0,0.0,0.0,0.0,0.0,0.0,0.0,0.0,0.0
3.40.0,2019-03-08 04:42:38,23111340,1394,4490405,16579.15,173,172,81.0,8.1,134368.0,7,651,199.14,97,24.71,-350629.0,-1.49,-29.0,-2.04,-2.0,-1.15,-0.98,-471.0,-0.35,0.0,0.0,-13.0,-1.96,-2.04,-2.04
3.40.1,2019-03-08 07:09:34,23111583,1394,4490405,16579.33,173,172,81.0,8.1,134370.0,7,651,199.14,97,24.71,243.0,0.0,0.0,0.0,0.0,0.0,0.0,2.0,0.0,0.0,0.0,0.0,0.0,0.0,0.0
3.41.0,2019-04-19 05:13:50,22938134,1393,4490405,16466.72,173,172,76.0,8.1,133361.0,7,646,199.0,97,24.71,-173449.0,-0.75,-1.0,-0.07,0.0,0.0,0.0,-1009.0,-0.75,0.0,0.0,-5.0,-0.77,-0.07,-0.07
3.41.1,2019-04-19 10:24:51,22938093,1393,4490405,16466.69,173,172,76.0,8.1,133361.0,7,646,199.0,97,24.71,-41.0,-0.0,0.0,0.0,0.0,0.0,0.0,0.0,0.0,0.0,0.0,0.0,0.0,0.0,0.0
3.41.2,2019-04-19 14:36:13,22939052,1393,4490405,16467.37,173,172,76.0,8.1,133367.0,7,646,199.0,97,24.71,959.0,0.0,0.0,0.0,0.0,0.0,0.0,6.0,0.0,0.0,0.0,0.0,0.0,0.0,0.0
3.41.3,2019-04-20 04:11:48,22939055,1393,4490405,16467.38,173,172,76.0,8.1,133367.0,7,646,199.0,97,24.71,3.0,0.0,0.0,0.0,0.0,0.0,0.0,0.0,0.0,0.0,0.0,0.0,0.0,0.0,0.0
3.42.0,2019-04-29 10:43:23,22942106,1393,4490405,16469.57,173,172,76.0,8.1,133384.0,7,646,199.0,97,24.71,3051.0,0.01,0.0,0.0,0.0,0.0,0.0,17.0,0.01,0.0,0.0,0.0,0.0,0.0,0.0
3.43.0,2019-05-28 06:01:11,23082270,1402,4490405,16463.82,175,174,76.0,8.06,132657.0,7,646,200.29,97,25.0,140164.0,0.61,9.0,0.65,2.0,1.16,-0.49,-727.0,-0.55,0.0,0.0,0.0,0.0,0.65,0.65
3.44.0,2019-05-31 05:48:11,23081112,1402,4490405,16462.99,175,174,76.0,8.06,132650.0,7,646,200.29,97,25.0,-1158.0,-0.01,0.0,0.0,0.0,0.0,0.0,-7.0,-0.01,0.0,0.0,0.0,0.0,0.0,0.0
3.45.0,2019-07-12 02:47:01,23441911,1423,4490405,16473.58,177,176,75.0,8.09,133193.0,7,650,203.29,97,25.29,360799.0,1.56,21.0,1.5,2.0,1.15,0.37,543.0,0.41,0.0,0.0,4.0,0.62,1.5,1.5
3.45.1,2019-07-12 10:19:12,23441144,1423,4490405,16473.05,177,176,75.0,8.09,133188.0,7,650,203.29,97,25.29,-767.0,-0.0,0.0,0.0,0.0,0.0,0.0,-5.0,-0.0,0.0,0.0,0.0,0.0,0.0,0.0
3.45.2,2019-07-12 16:53:35,23441237,1423,4490405,16473.11,177,176,75.0,8.09,133189.0,7,650,203.29,97,25.29,93.0,0.0,0.0,0.0,0.0,0.0,0.0,1.0,0.0,0.0,0.0,0.0,0.0,0.0,0.0
3.46.0,2019-07-19 05:19:21,23441623,1423,4490405,16473.38,177,176,75.0,8.09,133191.0,7,650,203.29,97,25.29,386.0,0.0,0.0,0.0,0.0,0.0,0.0,2.0,0.0,0.0,0.0,0.0,0.0,0.0,0.0
3.47.0,2019-08-30 03:11:15,23472367,1422,4490405,16506.59,176,175,75.0,8.13,134128.0,7,650,203.14,97,25.14,30744.0,0.13,-1.0,-0.07,-1.0,-0.57,0.49,937.0,0.7,0.0,0.0,0.0,0.0,-0.07,-0.07
3.47.1,2019-09-02 04:54:47,23472362,1422,4490405,16506.58,176,175,75.0,8.13,134128.0,7,650,203.14,97,25.14,-5.0,-0.0,0.0,0.0,0.0,0.0,0.0,0.0,0.0,0.0,0.0,0.0,0.0,0.0,0.0
3.48.0,2019-09-13 04:46:46,23465809,1422,4490405,16501.98,176,175,75.0,8.13,134090.0,7,650,203.14,97,25.14,-6553.0,-0.03,0.0,0.0,0.0,0.0,0.0,-38.0,-0.03,0.0,0.0,0.0,0.0,0.0,0.0
4.0.0,2019-10-04 02:55:14,23345833,1410,4490405,16557.33,173,172,74.0,8.2,135732.0,7,649,201.43,97,24.71,-119976.0,-0.51,-12.0,-0.84,-3.0,-1.71,0.86,1642.0,1.22,0.0,0.0,-1.0,-0.15,-0.84,-0.84
4.1.0,2019-10-08 03:33:45,23349603,1410,4490405,16560.0,173,172,74.0,8.2,135754.0,7,649,201.43,97,24.71,3770.0,0.02,0.0,0.0,0.0,0.0,0.0,22.0,0.02,0.0,0.0,0.0,0.0,0.0,0.0
4.2.0,2019-10-18 05:19:15,23371997,1413,4490405,16540.69,173,172,74.0,8.22,135884.0,7,652,201.86,97,24.71,22394.0,0.1,3.0,0.21,0.0,0.0,0.24,130.0,0.1,0.0,0.0,3.0,0.46,0.21,0.21
4.3.0,2019-11-08 02:18:06,23410844,1415,4490405,16544.77,173,172,74.0,8.23,136110.0,7,653,202.14,97,24.71,38847.0,0.17,2.0,0.14,0.0,0.0,0.12,226.0,0.17,0.0,0.0,1.0,0.15,0.14,0.14
4.4.0,2019-11-22 02:39:54,23421458,1415,4490405,16552.27,173,172,74.0,8.23,136171.0,7,653,202.14,97,24.71,10614.0,0.05,0.0,0.0,0.0,0.0,0.0,61.0,0.04,0.0,0.0,0.0,0.0,0.0,0.0
4.5.0,2019-11-28 22:24:00,23428795,1415,4490405,16557.45,173,172,74.0,8.23,136214.0,7,653,202.14,97,24.71,7337.0,0.03,0.0,0.0,0.0,0.0,0.0,43.0,0.03,0.0,0.0,0.0,0.0,0.0,0.0
4.6.0,2019-12-12 21:11:30,23459987,1424,4490405,16474.71,174,173,74.0,8.23,135607.0,7,658,203.43,98,24.86,31192.0,0.13,9.0,0.64,1.0,0.58,0.0,-607.0,-0.45,0.0,0.0,5.0,0.77,0.64,0.64
4.7.0,2019-12-27 05:01:11,23465198,1424,4490405,16478.37,174,173,74.0,8.23,135637.0,7,658,203.43,98,24.86,5211.0,0.02,0.0,0.0,0.0,0.0,0.0,30.0,0.02,0.0,0.0,0.0,0.0,0.0,0.0
4.8.0,2020-01-03 02:29:53,23468384,1425,4490405,16469.04,174,173,75.0,8.24,135655.0,7,658,203.57,98,24.86,3186.0,0.01,1.0,0.07,0.0,0.0,0.12,18.0,0.01,0.0,0.0,0.0,0.0,0.07,0.07
4.9.0,2020-01-23 03:16:39,23342404,1428,4322408,16346.22,174,173,75.0,8.25,134927.0,7,659,204.0,98,24.86,-125980.0,-0.54,3.0,0.21,0.0,0.0,0.12,-728.0,-0.54,0.0,0.0,1.0,0.15,0.21,0.21
4.9.1,2020-01-23 16:29:57,23342470,1428,4322408,16346.27,174,173,75.0,8.25,134928.0,7,659,204.0,98,24.86,66.0,0.0,0.0,0.0,0.0,0.0,0.0,1.0,0.0,0.0,0.0,0.0,0.0,0.0,0.0
4.10.0,2020-02-07 02:16:19,23346469,1428,4322408,16349.07,174,173,75.0,8.25,134951.0,7,659,204.0,98,24.86,3999.0,0.02,0.0,0.0,0.0,0.0,0.0,23.0,0.02,0.0,0.0,0.0,0.0,0.0,0.0
4.10.1,2020-02-07 05:49:31,23346653,1428,4322408,16349.2,174,173,75.0,8.25,134952.0,7,659,204.0,98,24.86,184.0,0.0,0.0,0.0,0.0,0.0,0.0,1.0,0.0,0.0,0.0,0.0,0.0,0.0,0.0
4.11.0,2020-02-21 04:27:12,23354718,1428,4322408,16354.84,174,173,75.0,8.25,134998.0,7,659,204.0,98,24.86,8065.0,0.03,0.0,0.0,0.0,0.0,0.0,46.0,0.03,0.0,0.0,0.0,0.0,0.0,0.0
4.11.1,2020-02-21 13:03:37,23354927,1428,4322408,16354.99,174,173,75.0,8.25,135000.0,7,659,204.0,98,24.86,209.0,0.0,0.0,0.0,0.0,0.0,0.0,2.0,0.0,0.0,0.0,0.0,0.0,0.0,0.0
4.11.2,2020-02-22 11:31:25,23355918,1428,4322408,16355.68,174,173,75.0,8.25,135005.0,7,659,204.0,98,24.86,991.0,0.0,0.0,0.0,0.0,0.0,0.0,5.0,0.0,0.0,0.0,0.0,0.0,0.0,0.0
4.12.0,2020-03-06 02:52:01,23360616,1428,4322408,16358.97,174,173,75.0,8.25,135032.0,7,659,204.0,98,24.86,4698.0,0.02,0.0,0.0,0.0,0.0,0.0,27.0,0.02,0.0,0.0,0.0,0.0,0.0,0.0
4.13.0,2020-03-27 06:49:51,23366508,1427,4322408,16374.57,174,173,75.0,8.25,135067.0,7,659,203.86,98,24.86,5892.0,0.03,-1.0,-0.07,0.0,0.0,0.0,35.0,0.03,0.0,0.0,0.0,0.0,-0.07,-0.07
4.14.0,2020-04-24 04:17:19,23496431,1429,4322408,16442.57,175,174,75.0,8.21,135037.0,7,659,204.14,98,25.0,129923.0,0.56,2.0,0.14,1.0,0.58,-0.48,-30.0,-0.02,0.0,0.0,0.0,0.0,0.14,0.14
4.15.0,2020-05-02 05:39:39,23505168,1430,4322408,16437.18,175,174,75.0,8.22,135087.0,7,660,204.29,98,25.0,8737.0,0.04,1.0,0.07,0.0,0.0,0.12,50.0,0.04,0.0,0.0,1.0,0.15,0.07,0.07
4.16.0,2020-05-15 04:27:50,23491693,1430,4322408,16427.76,175,174,75.0,8.22,135010.0,7,660,204.29,98,25.0,-13475.0,-0.06,0.0,0.0,0.0,0.0,0.0,-77.0,-0.06,0.0,0.0,0.0,0.0,0.0,0.0
4.17.0,2020-05-23 04:16:32,23513056,1430,4322408,16442.7,175,174,75.0,8.22,135133.0,7,660,204.29,98,25.0,21363.0,0.09,0.0,0.0,0.0,0.0,0.0,123.0,0.09,0.0,0.0,0.0,0.0,0.0,0.0
4.18.0,2020-06-05 04:50:43,23531509,1432,4322408,16432.62,175,174,75.0,8.23,135239.0,7,662,204.57,98,25.0,18453.0,0.08,2.0,0.14,0.0,0.0,0.12,106.0,0.08,0.0,0.0,2.0,0.3,0.14,0.14
4.19.0,2020-06-19 04:20:55,23527987,1432,4322408,16430.16,175,174,75.0,8.23,135218.0,7,662,204.57,98,25.0,-3522.0,-0.01,0.0,0.0,0.0,0.0,0.0,-21.0,-0.02,0.0,0.0,0.0,0.0,0.0,0.0
4.20.0,2020-07-03 04:11:13,23534962,1431,4322408,16446.51,175,174,75.0,8.22,135258.0,7,661,204.43,98,25.0,6975.0,0.03,-1.0,-0.07,0.0,0.0,-0.12,40.0,0.03,0.0,0.0,-1.0,-0.15,-0.07,-0.07
4.21.0,2020-07-16 18:35:56,23542756,1431,4322408,16451.96,175,174,75.0,8.22,135303.0,7,661,204.43,98,25.0,7794.0,0.03,0.0,0.0,0.0,0.0,0.0,45.0,0.03,0.0,0.0,0.0,0.0,0.0,0.0
4.22.0,2020-07-31 06:26:18,23549725,1431,4322408,16456.83,175,174,75.0,8.22,135343.0,7,661,204.43,98,25.0,6969.0,0.03,0.0,0.0,0.0,0.0,0.0,40.0,0.03,0.0,0.0,0.0,0.0,0.0,0.0
4.23.0,2020-08-21 03:39:18,23560868,1431,4322408,16464.62,175,174,75.0,8.22,135407.0,7,661,204.43,98,25.0,11143.0,0.05,0.0,0.0,0.0,0.0,0.0,64.0,0.05,0.0,0.0,0.0,0.0,0.0,0.0
5.0.0,2020-09-25 04:41:28,22875806,1405,4322408,16281.71,171,171,71.0,8.22,133777.0,7,660,200.71,97,24.43,-685062.0,-2.91,-26.0,-1.82,-3.0,-1.72,0.0,-1630.0,-1.2,0.0,0.0,-1.0,-0.15,-1.82,-1.82
5.0.1,2020-09-25 14:14:22,22875514,1405,4322408,16281.5,171,171,71.0,8.22,133775.0,7,660,200.71,97,24.43,-292.0,-0.0,0.0,0.0,0.0,0.0,0.0,-2.0,-0.0,0.0,0.0,0.0,0.0,0.0,0.0
5.1.0,2020-10-02 05:42:34,22886179,1405,4322408,16289.1,171,171,71.0,8.22,133837.0,7,660,200.71,97,24.43,10665.0,0.05,0.0,0.0,0.0,0.0,0.0,62.0,0.05,0.0,0.0,0.0,0.0,0.0,0.0
5.2.0,2020-10-07 05:08:47,22895794,1406,4322408,16284.35,171,171,71.0,8.22,133894.0,7,661,200.86,97,24.43,9615.0,0.04,1.0,0.07,0.0,0.0,0.0,57.0,0.04,0.0,0.0,1.0,0.15,0.07,0.07
5.3.0,2020-10-16 05:34:38,22930988,1405,4322408,16320.99,171,171,71.0,8.22,134099.0,7,660,200.71,97,24.43,35194.0,0.15,-1.0,-0.07,0.0,0.0,0.0,205.0,0.15,0.0,0.0,-1.0,-0.15,-0.07,-0.07
5.4.0,2020-10-30 03:10:42,22973915,1411,4322408,16282.01,171,171,71.0,8.25,134350.0,7,664,201.57,97,24.43,42927.0,0.19,6.0,0.43,0.0,0.0,0.36,251.0,0.19,0.0,0.0,4.0,0.61,0.43,0.43
5.4.1,2020-10-30 08:28:50,22974064,1411,4322408,16282.11,171,171,71.0,8.25,134351.0,7,664,201.57,97,24.43,149.0,0.0,0.0,0.0,0.0,0.0,0.0,1.0,0.0,0.0,0.0,0.0,0.0,0.0,0.0
5.4.2,2020-10-30 17:47:41,22978220,1411,4322408,16285.06,171,171,71.0,8.25,134376.0,7,664,201.57,97,24.43,4156.0,0.02,0.0,0.0,0.0,0.0,0.0,25.0,0.02,0.0,0.0,0.0,0.0,0.0,0.0
5.5.0,2020-11-13 02:58:49,23002478,1413,4322408,16279.18,172,172,71.0,8.22,133735.0,7,666,201.86,98,24.57,24258.0,0.11,2.0,0.14,1.0,0.58,-0.36,-641.0,-0.48,0.0,0.0,2.0,0.3,0.14,0.14
5.6.0,2020-11-27 03:53:41,23037431,1419,4322408,16234.98,172,172,71.0,8.25,133939.0,7,672,202.71,98,24.57,34953.0,0.15,6.0,0.42,0.0,0.0,0.36,204.0,0.15,0.0,0.0,6.0,0.9,0.42,0.42
5.7.0,2020-12-11 04:35:09,23125076,1422,4322408,16262.36,172,172,70.0,8.27,134448.0,7,676,203.14,98,24.57,87645.0,0.38,3.0,0.21,0.0,0.0,0.24,509.0,0.38,0.0,0.0,4.0,0.6,0.21,0.21
5.7.1,2020-12-11 12:48:41,23125059,1422,4322408,16262.35,172,172,70.0,8.27,134448.0,7,676,203.14,98,24.57,-17.0,-0.0,0.0,0.0,0.0,0.0,0.0,0.0,0.0,0.0,0.0,0.0,0.0,0.0,0.0
5.7.2,2020-12-12 09:56:45,23112896,1421,4322408,16265.23,172,172,70.0,8.26,134377.0,7,675,203.0,98,24.57,-12163.0,-0.05,-1.0,-0.07,0.0,0.0,-0.12,-71.0,-0.05,0.0,0.0,-1.0,-0.15,-0.07,-0.07
5.8.0,2020-12-24 05:28:26,23163257,1423,4322408,16277.76,172,172,70.0,8.27,134670.0,7,675,203.29,98,24.57,50361.0,0.22,2.0,0.14,0.0,0.0,0.12,293.0,0.22,0.0,0.0,0.0,0.0,0.14,0.14
5.8.1,2020-12-24 12:53:48,23166007,1423,4322408,16279.7,172,172,70.0,8.27,134686.0,7,675,203.29,98,24.57,2750.0,0.01,0.0,0.0,0.0,0.0,0.0,16.0,0.01,0.0,0.0,0.0,0.0,0.0,0.0
5.9.0,2021-01-08 04:40:13,23164322,1422,4322408,16289.96,172,172,70.0,8.27,134676.0,7,675,203.14,98,24.57,-1685.0,-0.01,-1.0,-0.07,0.0,0.0,0.0,-10.0,-0.01,0.0,0.0,0.0,0.0,-0.07,-0.07
5.10.0,2021-01-22 03:26:39,23188438,1426,4322408,16261.18,172,172,71.0,8.29,134816.0,7,677,203.71,98,24.57,24116.0,0.1,4.0,0.28,0.0,0.0,0.24,140.0,0.1,0.0,0.0,2.0,0.3,0.28,0.28
5.10.1,2021-01-22 16:24:05,23188406,1426,4322408,16261.15,172,172,71.0,8.29,134816.0,7,677,203.71,98,24.57,-32.0,-0.0,0.0,0.0,0.0,0.0,0.0,0.0,0.0,0.0,0.0,0.0,0.0,0.0,0.0
5.11.0,2021-02-12 04:03:01,23203294,1427,4322408,16260.19,172,172,71.0,8.3,134903.0,7,678,203.86,98,24.57,14888.0,0.06,1.0,0.07,0.0,0.0,0.12,87.0,0.06,0.0,0.0,1.0,0.15,0.07,0.07
5.12.0,2021-02-26 04:05:01,23212214,1426,4322408,16277.85,172,172,71.0,8.29,134955.0,7,678,203.71,98,24.57,8920.0,0.04,-1.0,-0.07,0.0,0.0,-0.12,52.0,0.04,0.0,0.0,0.0,0.0,-0.07,-0.07
5.13.0,2021-03-10 03:48:41,23278478,1434,4322408,16233.25,173,173,71.0,8.29,134558.0,7,678,204.86,98,24.71,66264.0,0.29,8.0,0.56,1.0,0.58,0.0,-397.0,-0.29,0.0,0.0,0.0,0.0,0.56,0.56
5.14.0,2021-03-26 04:24:02,23390633,1449,4322408,16142.6,176,175,71.0,8.28,133661.0,7,686,207.0,99,25.14,112155.0,0.48,15.0,1.05,2.0,1.16,-0.12,-897.0,-0.67,0.0,0.0,8.0,1.18,1.04,1.04
5.15.0,2021-04-16 04:20:00,23441583,1451,4322408,16155.47,176,175,71.0,8.29,133952.0,7,688,207.29,99,25.14,50950.0,0.22,2.0,0.14,0.0,0.0,0.12,291.0,0.22,0.0,0.0,2.0,0.29,0.14,0.14
5.16.0,2021-04-17 07:11:09,23442950,1451,4322408,16156.41,176,175,71.0,8.29,133960.0,7,688,207.29,99,25.14,1367.0,0.01,0.0,0.0,0.0,0.0,0.0,8.0,0.01,0.0,0.0,0.0,0.0,0.0,0.0
5.16.1,2021-04-19 05:06:34,23444860,1451,4322408,16157.73,176,175,71.0,8.29,133971.0,7,688,207.29,99,25.14,1910.0,0.01,0.0,0.0,0.0,0.0,0.0,11.0,0.01,0.0,0.0,0.0,0.0,0.0,0.0
5.17.0,2021-04-30 04:00:12,23444931,1450,4322408,16168.92,176,175,72.0,8.29,133971.0,7,688,207.14,99,25.14,71.0,0.0,-1.0,-0.07,0.0,0.0,0.0,0.0,0.0,0.0,0.0,0.0,0.0,-0.07,-0.07
5.18.0,2021-05-21 03:45:14,23441921,1449,4322408,16178.0,176,175,72.0,8.28,133954.0,7,688,207.0,99,25.14,-3010.0,-0.01,-1.0,-0.07,0.0,0.0,-0.12,-17.0,-0.01,0.0,0.0,0.0,0.0,-0.07,-0.07
5.19.0,2021-05-28 02:53:11,23449755,1449,4322408,16183.41,176,175,72.0,8.28,133999.0,7,688,207.0,99,25.14,7834.0,0.03,0.0,0.0,0.0,0.0,0.0,45.0,0.03,0.0,0.0,0.0,0.0,0.0,0.0
5.20.0,2021-06-04 02:01:22,23455956,1449,4322408,16187.69,176,175,72.0,8.28,134034.0,7,688,207.0,99,25.14,6201.0,0.03,0.0,0.0,0.0,0.0,0.0,35.0,0.03,0.0,0.0,0.0,0.0,0.0,0.0
5.21.0,2021-06-11 04:48:11,23458099,1449,4322408,16189.16,176,175,72.0,8.28,134046.0,7,688,207.0,99,25.14,2143.0,0.01,0.0,0.0,0.0,0.0,0.0,12.0,0.01,0.0,0.0,0.0,0.0,0.0,0.0
5.22.0,2021-06-25 05:15:07,23439695,1442,4322408,16254.99,175,174,72.0,8.29,134711.0,7,680,206.0,98,25.0,-18404.0,-0.08,-7.0,-0.48,-1.0,-0.57,0.12,665.0,0.5,0.0,0.0,-8.0,-1.16,-0.48,-0.48
5.22.1,2021-06-25 19:50:58,23439785,1442,4322408,16255.05,175,174,72.0,8.29,134711.0,7,680,206.0,98,25.0,90.0,0.0,0.0,0.0,0.0,0.0,0.0,0.0,0.0,0.0,0.0,0.0,0.0,0.0,0.0
5.23.0,2021-07-09 05:04:31,23451019,1443,4322408,16251.57,175,174,72.0,8.29,134776.0,7,681,206.14,98,25.0,11234.0,0.05,1.0,0.07,0.0,0.0,0.0,65.0,0.05,0.0,0.0,1.0,0.15,0.07,0.07
5.24.0,2021-07-30 04:15:14,23457940,1443,4322408,16256.37,175,174,72.0,8.29,134816.0,7,681,206.14,98,25.0,6921.0,0.03,0.0,0.0,0.0,0.0,0.0,40.0,0.03,0.0,0.0,0.0,0.0,0.0,0.0
5.25.0,2021-08-13 06:12:17,23466323,1444,4322408,16250.92,175,174,72.0,8.3,134864.0,7,681,206.29,98,25.0,8383.0,0.04,1.0,0.07,0.0,0.0,0.12,48.0,0.04,0.0,0.0,0.0,0.0,0.07,0.07
5.26.0,2021-08-27 04:07:33,23467128,1444,4322408,16251.47,175,174,72.0,8.3,134869.0,7,681,206.29,98,25.0,805.0,0.0,0.0,0.0,0.0,0.0,0.0,5.0,0.0,0.0,0.0,0.0,0.0,0.0,0.0
5.27.0,2021-09-10 05:49:14,23469222,1444,4322408,16252.92,175,174,72.0,8.3,134881.0,7,681,206.29,98,25.0,2094.0,0.01,0.0,0.0,0.0,0.0,0.0,12.0,0.01,0.0,0.0,0.0,0.0,0.0,0.0
5.28.0,2021-09-24 03:55:12,23474676,1444,4322408,16256.7,175,174,72.0,8.3,134912.0,7,681,206.29,98,25.0,5454.0,0.02,0.0,0.0,0.0,0.0,0.0,31.0,0.02,0.0,0.0,0.0,0.0,0.0,0.0
5.29.0,2021-10-08 03:52:12,23482528,1445,4322408,16250.88,175,174,72.0,8.3,134957.0,7,682,206.43,98,25.0,7852.0,0.03,1.0,0.07,0.0,0.0,0.0,45.0,0.03,0.0,0.0,1.0,0.15,0.07,0.07
5.30.0,2021-10-22 01:24:50,23449122,1445,4322408,16227.77,175,174,72.0,8.3,134765.0,7,682,206.43,98,25.0,-33406.0,-0.14,0.0,0.0,0.0,0.0,0.0,-192.0,-0.14,0.0,0.0,0.0,0.0,0.0,0.0
5.31.0,2021-10-29 04:24:33,23457593,1446,4322408,16222.4,175,174,72.0,8.31,134814.0,7,683,206.57,98,25.0,8471.0,0.04,1.0,0.07,0.0,0.0,0.12,49.0,0.04,0.0,0.0,1.0,0.15,0.07,0.07
5.31.1,2021-10-29 11:19:34,23457593,1446,4322408,16222.4,175,174,72.0,8.31,134814.0,7,683,206.57,98,25.0,0.0,0.0,0.0,0.0,0.0,0.0,0.0,0.0,0.0,0.0,0.0,0.0,0.0,0.0,0.0
5.32.0,2021-11-12 04:05:22,23509508,1448,4322408,16235.85,175,174,72.0,8.32,135112.0,7,683,206.86,98,25.0,51915.0,0.22,2.0,0.14,0.0,0.0,0.12,298.0,0.22,0.0,0.0,0.0,0.0,0.14,0.14
5.33.0,2021-12-03 03:47:15,23506706,1447,4322408,16245.13,175,173,72.0,8.36,135877.0,7,683,206.71,98,25.0,-2802.0,-0.01,-1.0,-0.07,-1.0,-0.57,0.48,765.0,0.57,0.0,0.0,0.0,0.0,-0.07,-0.07
5.33.1,2021-12-04 06:30:00,23506500,1447,4322408,16244.99,175,173,72.0,8.36,135876.0,7,683,206.71,98,25.0,-206.0,-0.0,0.0,0.0,0.0,0.0,0.0,-1.0,-0.0,0.0,0.0,0.0,0.0,0.0,0.0
5.33.2,2021-12-04 10:27:39,23506777,1447,4322408,16245.18,175,173,72.0,8.36,135877.0,7,683,206.71,98,25.0,277.0,0.0,0.0,0.0,0.0,0.0,0.0,1.0,0.0,0.0,0.0,0.0,0.0,0.0,0.0
5.34.0,2021-12-17 01:40:19,23516326,1447,4322408,16251.78,175,173,72.0,8.36,135933.0,7,683,206.71,98,25.0,9549.0,0.04,0.0,0.0,0.0,0.0,0.0,56.0,0.04,0.0,0.0,0.0,0.0,0.0,0.0
5.35.0,2022-01-21 03:22:17,23487418,1447,4322408,16231.8,175,173,72.0,8.36,135765.0,7,683,206.71,98,25.0,-28908.0,-0.12,0.0,0.0,0.0,0.0,0.0,-168.0,-0.12,0.0,0.0,0.0,0.0,0.0,0.0
5.36.0,2022-02-04 06:10:10,23500694,1447,4322408,16240.98,175,173,72.0,8.36,135842.0,7,683,206.71,98,25.0,13276.0,0.06,0.0,0.0,0.0,0.0,0.0,77.0,0.06,0.0,0.0,0.0,0.0,0.0,0.0
5.37.0,2022-02-18 03:09:25,23508634,1447,4322408,16246.46,175,173,72.0,8.36,135888.0,7,683,206.71,98,25.0,7940.0,0.03,0.0,0.0,0.0,0.0,0.0,46.0,0.03,0.0,0.0,0.0,0.0,0.0,0.0
5.38.0,2022-03-04 02:01:24,23514437,1446,4322408,16261.71,175,173,72.0,8.36,135922.0,7,683,206.57,98,25.0,5803.0,0.02,-1.0,-0.07,0.0,0.0,0.0,34.0,0.03,0.0,0.0,0.0,0.0,-0.07,-0.07
5.39.0,2022-03-18 03:47:21,23520164,1446,4322408,16265.67,175,173,72.0,8.36,135955.0,7,683,206.57,98,25.0,5727.0,0.02,0.0,0.0,0.0,0.0,0.0,33.0,0.02,0.0,0.0,0.0,0.0,0.0,0.0
5.39.1,2022-03-20 05:33:51,23520477,1446,4322408,16265.89,175,173,72.0,8.36,135957.0,7,683,206.57,98,25.0,313.0,0.0,0.0,0.0,0.0,0.0,0.0,2.0,0.0,0.0,0.0,0.0,0.0,0.0,0.0
5.40.0,2022-04-01 03:48:16,23542764,1449,4322408,16247.59,176,174,73.0,8.33,135303.0,7,683,207.0,98,25.14,22287.0,0.09,3.0,0.21,1.0,0.58,-0.36,-654.0,-0.48,0.0,0.0,0.0,0.0,0.21,0.21
5.41.0,2022-04-22 04:10:38,23607480,1452,4322408,16258.6,176,174,73.0,8.34,135675.0,7,685,207.43,98,25.14,64716.0,0.27,3.0,0.21,0.0,0.0,0.12,372.0,0.27,0.0,0.0,2.0,0.29,0.21,0.21
5.42.0,2022-05-03 08:33:19,23631021,1452,4322408,16274.81,176,174,73.0,8.34,135810.0,7,685,207.43,98,25.14,23541.0,0.1,0.0,0.0,0.0,0.0,0.0,135.0,0.1,0.0,0.0,0.0,0.0,0.0,0.0
